Month,"Product code","Product Name",Variant,"Sold Quantity","Grossprice Per Item","Grossprice Total"
2020-09-01,A0118150101,"AQ Dracula HDD – 3.5 Inch SATA 6 Gb/s 5400 RPM 256 MB Cache",Standard,202,19.06,3849.57
2020-09-01,A4419110403,"AQ Elite","Standard Red",16,288.05,4608.80
2020-09-01,A2720150701,"AQ Trigger Ms","Standard 1",822,17.09,14049.38
2020-09-01,A4218110204,"AQ Digit","Plus Grey",27,232.10,6266.80
2020-09-01,A5419110205,"AQ Gamer 2","Plus Cool Blue",7,570.76,3995.30
2020-09-01,A5419110206,"AQ Gamer 2","Plus Black",4,601.64,2406.56
2020-09-01,A3220150401,"AQ Lite","Standard 1",197,18.49,3643.38
2020-09-01,A5419110204,"AQ Gamer 2","Plus Firey Red",5,602.92,3014.60
2020-09-01,A2620150606,"AQ Qwerty Ms","Premium 2",688,16.79,11548.08
2020-09-01,A0118150102,"AQ Dracula HDD – 3.5 Inch SATA 6 Gb/s 5400 RPM 256 MB Cache",Plus,162,21.46,3475.95
2020-09-01,A4319110304,"AQ Velocity","Plus Grey",40,267.06,10682.54
2020-09-01,A5419110207,"AQ Gamer 2","Premium Black",5,599.23,2996.15
2020-09-01,A2721150702,"AQ Trigger Ms","Standard 2",171,17.24,2947.49
2020-09-01,A2021150503,"AQ MB Lito 2","Plus 2",17,45.44,772.44
2020-09-01,A5419110208,"AQ Gamer 2","Premium Misty Green",4,608.41,2433.63
2020-09-01,A3718150103,"AQ LION x1","Plus 2",28,17.57,491.95
2020-09-01,A3920150305,"AQ LION x3",Premium,66,27.45,1812.00
2020-09-01,A5419110203,"AQ Gamer 2","Standard Black",14,595.57,8338.00
2020-09-01,A0118150103,"AQ Dracula HDD – 3.5 Inch SATA 6 Gb/s 5400 RPM 256 MB Cache",Premium,193,21.78,4203.44
2020-09-01,A6818160202,"AQ Pen Drive DRC",Plus,855,3.85,3294.40
2020-09-01,A4118110105,"AQ Aspiron","Plus Blue",22,182.89,4023.65
2020-09-01,A2620150605,"AQ Qwerty Ms","Premium 1",200,16.59,3317.64
2020-09-01,A3320150506,"AQ Maxima","Premium 2",530,23.77,12596.93
2020-09-01,A5419110202,"AQ Gamer 2","Standard Cool Blue",6,567.93,3407.56
2020-09-01,A2721150703,"AQ Trigger Ms","Plus 1",331,16.94,5605.58
2020-09-01,A0921150601,"AQ Marquee P4",Standard,56,45.08,2524.55
2020-09-01,A5519110301,"AQ Gamer 3","Standard Firey Red",3,589.74,1769.22
2020-09-01,A0118150104,"AQ Dracula HDD – 3.5 Inch SATA 6 Gb/s 5400 RPM 256 MB Cache","Premium Plus",146,22.97,3354.04
2020-09-01,A4519110503,"AQ Gen X","Standard Red",21,306.92,6445.30
2020-09-01,A5519110302,"AQ Gamer 3","Standard Cool Blue",13,605.86,7876.23
2020-09-01,A6819160203,"AQ Pen Drive DRC",Premium,1556,5.10,7933.11
2020-09-01,A2620150604,"AQ Qwerty Ms","Plus 2",433,16.55,7165.76
2020-09-01,A4620110608,"AQ Gen Y","Premium Misty Green",27,363.06,9802.70
2020-09-01,A5419110201,"AQ Gamer 2","Standard Firey Red",11,585.00,6435.00
2020-09-01,A5519110303,"AQ Gamer 3","Standard Black",4,604.27,2417.09
2020-09-01,A2020150502,"AQ MB Lito 2","Plus 1",115,39.39,4530.22
2020-09-01,A0219150201,"AQ WereWolf NAS Internal Hard Drive HDD – 8.89 cm",Standard,149,23.70,3531.11
2020-09-01,A1320150403,"AQ Electron 5 3600 Desktop Processor",Premium,186,160.69,29888.56
2020-09-01,A2620150603,"AQ Qwerty Ms","Plus 1",915,15.98,14620.97
2020-09-01,A2721150704,"AQ Trigger Ms","Plus 2",472,19.59,9244.59
2020-09-01,A3220150402,"AQ Lite","Standard 2",275,18.79,5168.54
2020-09-01,A5519110304,"AQ Gamer 3","Plus Firey Red",6,597.77,3586.62
2020-09-01,A5520110305,"AQ Gamer 3","Plus Cool Blue",6,632.49,3794.93
2020-09-01,A5318110108,"AQ Gamer 1","Premium Misty Green",17,579.66,9854.24
2020-09-01,A2620150602,"AQ Qwerty Ms","Standard 2",664,15.81,10497.97
2020-09-01,A0219150202,"AQ WereWolf NAS Internal Hard Drive HDD – 8.89 cm",Plus,107,24.73,2646.24
2020-09-01,A1521150602,"AQ Electron 3 3600 Desktop Processor",Plus,168,185.46,31157.26
2020-09-01,A5520110306,"AQ Gamer 3","Plus Black",14,639.68,8955.54
2020-09-01,A7118160101,"AQ Wi Power Dx1",Standard,528,29.67,15666.39
2020-09-01,A5318110107,"AQ Gamer 1","Premium Black",8,571.65,4573.19
2020-09-01,A5520110307,"AQ Gamer 3","Premium Black",5,609.79,3048.96
2020-09-01,A2721150705,"AQ Trigger Ms","Premium 1",1021,19.40,19811.69
2020-09-01,A1018150101,"AQ 5000 Series Electron 9 5900X Desktop Processor",Standard,91,111.10,10110.43
2020-09-01,A2620150601,"AQ Qwerty Ms","Standard 1",570,14.90,8493.74
2020-09-01,A0220150203,"AQ WereWolf NAS Internal Hard Drive HDD – 8.89 cm",Premium,123,23.62,2904.69
2020-09-01,A3421150605,"AQ Qwerty","Premium 1",417,29.87,12455.46
2020-09-01,A5520110308,"AQ Gamer 3","Premium Misty Green",11,590.12,6491.27
2020-09-01,A2020150501,"AQ MB Lito 2",Standard,143,41.37,5915.85
2020-09-01,A4020150401,"AQ Mx NB",Standard,31,26.93,834.84
2020-09-01,A5318110106,"AQ Gamer 1","Plus Black",14,565.87,7922.25
2020-09-01,A2520150506,"AQ Maxima Ms","Premium 2",973,14.57,14174.37
2020-09-01,A4620110607,"AQ Gen Y","Premium Black",20,347.80,6956.06
2020-09-01,A5318110105,"AQ Gamer 1","Plus Cool Blue",8,551.33,4410.64
2020-09-01,A0320150301,"AQ Zion Saga",Standard,146,23.72,3463.46
2020-09-01,A7119160102,"AQ Wi Power Dx1",Plus,619,29.93,18524.44
2020-09-01,A5620110401,"AQ Smash 1","Standard Firey Red",8,642.07,5136.56
2020-09-01,A2721150706,"AQ Trigger Ms","Premium 2",404,20.05,8101.69
2020-09-01,A1718150202,"AQ MB Crossx","Plus 1",102,22.90,2335.36
2020-09-01,A5620110402,"AQ Smash 1","Standard Cool Blue",8,593.83,4750.64
2020-09-01,A4021150405,"AQ Mx NB",Premium,36,31.70,1141.30
2020-09-01,A3718150102,"AQ LION x1","Plus 1 ",25,16.10,402.54
2020-09-01,A4620110606,"AQ Gen Y","Plus Red",33,348.54,11501.74
2020-09-01,A0321150302,"AQ Zion Saga",Plus,236,27.10,6396.24
2020-09-01,A7119160103,"AQ Wi Power Dx1",Premium,480,28.77,13811.33
2020-09-01,A2520150505,"AQ Maxima Ms","Premium 1",497,15.18,7542.57
2020-09-01,A5318110104,"AQ Gamer 1","Plus Firey Red",9,586.38,5277.44
2020-09-01,A5621110403,"AQ Smash 1","Standard Black",13,631.19,8205.41
2020-09-01,A5621110404,"AQ Smash 1","Plus Firey Red",15,639.96,9599.42
2020-09-01,A2821150801,"AQ Lumina Ms","Standard 1",314,21.71,6817.51
2020-09-01,A1018150102,"AQ 5000 Series Electron 9 5900X Desktop Processor",Plus,51,123.48,6297.46
2020-09-01,A4118110106,"AQ Aspiron","Plus Red",9,187.75,1689.78
2020-09-01,A0321150303,"AQ Zion Saga",Premium,137,28.01,3836.81
2020-09-01,A3819150203,"AQ LION x2","Plus 2",88,18.45,1623.89
2020-09-01,A2520150504,"AQ Maxima Ms","Plus 2",709,14.28,10124.52
2020-09-01,A5621110405,"AQ Smash 1","Plus Cool Blue",12,601.82,7221.81
2020-09-01,A4218110205,"AQ Digit","Plus Blue",40,240.14,9605.61
2020-09-01,A5318110103,"AQ Gamer 1","Standard Black",6,584.97,3509.83
2020-09-01,A2520150503,"AQ Maxima Ms","Plus 1",872,14.17,12354.67
2020-09-01,A3220150403,"AQ Lite","Plus 1",781,18.58,14514.42
2020-09-01,A5220110408,"AQ BZ Gen Z","Premium Misty Green",12,533.04,6396.48
2020-09-01,A0418150103,"AQ Mforce Gen X","Standard 3",23,19.52,449.04
2020-09-01,A4519110502,"AQ Gen X","Standard Blue",40,300.34,12013.51
2020-09-01,A5621110406,"AQ Smash 1","Plus Black",10,644.38,6443.78
2020-09-01,A2918150101,"AQ Master wired x1","Standard 1",373,6.90,2573.36
2020-09-01,A1920150404,"AQ MB Lito",Premium,81,38.98,3157.22
2020-09-01,A5621110407,"AQ Smash 1","Premium Black",10,655.78,6557.78
2020-09-01,A7219160201,"AQ Wi Power Dx2",Standard,616,32.96,20301.82
2020-09-01,A2520150502,"AQ Maxima Ms","Standard 2",903,14.53,13117.61
2020-09-01,A3320150504,"AQ Maxima","Plus 2",723,22.13,16002.95
2020-09-01,A0418150104,"AQ Mforce Gen X","Plus 1",82,19.92,1633.76
2020-09-01,A4620110605,"AQ Gen Y","Plus Blue",16,349.25,5588.04
2020-09-01,A5621110408,"AQ Smash 1","Premium Misty Green",14,657.25,9201.54
2020-09-01,A5219110407,"AQ BZ Gen Z","Premium Black",22,545.59,12003.05
2020-09-01,A5721110501,"AQ Smash 2","Standard Firey Red",7,649.69,4547.85
2020-09-01,A1018150103,"AQ 5000 Series Electron 9 5900X Desktop Processor",Premium,159,123.93,19705.11
2020-09-01,A2918150102,"AQ Master wired x1","Standard 2",296,7.60,2248.98
2020-09-01,A1521150601,"AQ Electron 3 3600 Desktop Processor",Standard,82,186.29,15275.92
2020-09-01,A4118110107,"AQ Aspiron","Premium Black",20,195.77,3915.44
2020-09-01,A0418150105,"AQ Mforce Gen X","Plus 2",86,20.08,1726.59
2020-09-01,A7220160202,"AQ Wi Power Dx2",Plus,96,35.21,3379.71
2020-09-01,A2520150501,"AQ Maxima Ms","Standard 1",1036,12.07,12503.38
2020-09-01,A4021150404,"AQ Mx NB","Plus 3",75,28.58,2143.50
2020-09-01,A5219110406,"AQ BZ Gen Z","Plus Red",18,550.46,9908.27
2020-09-01,A5721110502,"AQ Smash 2","Standard Cool Blue",13,627.99,8163.92
2020-09-01,A1919150403,"AQ MB Lito","Plus 2",54,35.84,1935.09
2020-09-01,A5219110405,"AQ BZ Gen Z","Plus Blue",11,521.26,5733.86
2020-09-01,A2420150406,"AQ Lite Ms","Premium 2",302,12.30,3713.97
2020-09-01,A0418150106,"AQ Mforce Gen X","Plus 3",48,19.94,956.95
2020-09-01,A4319110305,"AQ Velocity","Plus Blue",23,277.81,6389.58
2020-09-01,A5721110503,"AQ Smash 2","Standard Black",7,678.30,4748.12
2020-09-01,A2918150103,"AQ Master wired x1","Plus 1",290,7.77,2253.10
2020-09-01,A4620110604,"AQ Gen Y","Plus Grey",11,353.10,3884.08
2020-09-01,A5721110504,"AQ Smash 2","Plus Firey Red",15,655.83,9837.52
2020-09-01,A2419150405,"AQ Lite Ms","Premium 1",495,12.74,6307.44
2020-09-01,A3220150404,"AQ Lite","Plus 2",861,18.42,15861.26
2020-09-01,A5219110403,"AQ BZ Gen Z","Standard Red",12,525.80,6309.65
2020-09-01,A0519150201,"AQ Mforce Gen Y","Standard 1",138,22.40,3090.98
2020-09-01,A1420150501,"AQ Electron 4 3600 Desktop Processor",Standard,87,160.51,13964.21
2020-09-01,A5721110505,"AQ Smash 2","Plus Cool Blue",6,674.43,4046.56
2020-09-01,A5721110506,"AQ Smash 2","Plus Black",6,720.55,4323.28
2020-09-01,A7220160203,"AQ Wi Power Dx2",Premium,350,37.48,13117.44
2020-09-01,A5219110402,"AQ BZ Gen Z","Standard Blue",20,490.16,9803.16
2020-09-01,A2918150104,"AQ Master wired x1","Plus 2",239,8.95,2139.38
2020-09-01,A1118150201,"AQ 5000 Series Electron 8 5900X Desktop Processor",Standard,106,124.26,13171.98
2020-09-01,A2419150404,"AQ Lite Ms","Plus 2",144,11.63,1675.18
2020-09-01,A0519150202,"AQ Mforce Gen Y","Standard 2",72,24.93,1794.95
2020-09-01,A1618150101,"AQ MB Elite",Standard,117,19.65,2298.87
2020-09-01,A5820110101,"AQ BZ Allin1","Standard 1",27,681.30,18395.16
2020-09-01,A3718150105,"AQ LION x1",Premium,51,18.03,919.59
2020-09-01,A2419150403,"AQ Lite Ms","Plus 1",310,10.89,3376.68
2020-09-01,A1919150402,"AQ MB Lito","Plus 1",144,35.03,5043.69
2020-09-01,A5219110401,"AQ BZ Gen Z","Standard Grey",27,506.96,13688.04
2020-09-01,A5820110102,"AQ BZ Allin1","Standard 2",28,697.55,19531.51
2020-09-01,A1718150201,"AQ MB Crossx",Standard,37,21.89,809.85
2020-09-01,A0519150203,"AQ Mforce Gen Y","Standard 3",38,26.59,1010.31
2020-09-01,A7321160301,"AQ Wi Power Dx3",Standard,272,40.80,11096.35
2020-09-01,A5820110103,"AQ BZ Allin1","Standard 3",10,735.15,7351.47
2020-09-01,A2918150105,"AQ Master wired x1","Premium 1",364,9.47,3445.26
2020-09-01,A3421150604,"AQ Qwerty","Plus 2",114,27.42,3125.33
2020-09-01,A3718150101,"AQ LION x1",Standard,34,16.51,561.43
2020-09-01,A4620110603,"AQ Gen Y","Standard Red",8,366.05,2928.37
2020-09-01,A5119110308,"AQ BZ Gen Y","Premium Misty Green",9,512.58,4613.23
2020-09-01,A2419150402,"AQ Lite Ms","Standard 2",218,11.28,2459.45
2020-09-01,A0519150204,"AQ Mforce Gen Y","Plus 1",149,26.11,3890.11
2020-09-01,A7321160302,"AQ Wi Power Dx3",Plus,507,43.94,22279.91
2020-09-01,A5820110104,"AQ BZ Allin1","Plus 1",22,690.50,15190.94
2020-09-01,A4319110306,"AQ Velocity","Plus Red",29,275.82,7998.76
2020-09-01,A5119110307,"AQ BZ Gen Y","Premium Black",27,516.46,13944.37
2020-09-01,A5820110105,"AQ BZ Allin1","Plus 2",19,709.39,13478.46
2020-09-01,A2918150106,"AQ Master wired x1","Premium 2",602,10.42,6272.12
2020-09-01,A1118150202,"AQ 5000 Series Electron 8 5900X Desktop Processor",Plus,33,129.58,4276.26
2020-09-01,A2419150401,"AQ Lite Ms","Standard 1",181,11.48,2078.40
2020-09-01,A0519150205,"AQ Mforce Gen Y","Plus 2",29,29.70,861.32
2020-09-01,A1618150102,"AQ MB Elite","Plus 1",141,20.46,2885.27
2020-09-01,A5820110106,"AQ BZ Allin1","Plus 3",14,692.52,9695.34
2020-09-01,A4218110201,"AQ Digit","Standard Grey",11,200.27,2203.01
2020-09-01,A1919150401,"AQ MB Lito",Standard,103,33.76,3477.37
2020-09-01,A5119110306,"AQ BZ Gen Y","Plus Red",26,486.49,12648.63
2020-09-01,A2319150306,"AQ Gamers Ms","Premium 2",200,10.87,2173.18
2020-09-01,A3220150405,"AQ Lite","Premium 1",224,18.94,4242.90
2020-09-01,A5119110305,"AQ BZ Gen Y","Plus Blue",7,483.38,3383.67
2020-09-01,A0519150206,"AQ Mforce Gen Y","Plus 3",28,31.24,874.83
2020-09-01,A4519110501,"AQ Gen X","Standard Grey",31,311.84,9667.03
2020-09-01,A5820110107,"AQ BZ Allin1","Premium 1",11,737.68,8114.45
2020-09-01,A3018150201,"AQ Master wireless x1","Standard 1",649,10.80,7006.28
2020-09-01,A7321160303,"AQ Wi Power Dx3",Premium,190,42.85,8141.18
2020-09-01,A5821110108,"AQ BZ Allin1","Premium 2",18,746.74,13441.30
2020-09-01,A2319150305,"AQ Gamers Ms","Premium 1",516,10.44,5385.49
2020-09-01,A6018110101,"AQ Home Allin1","Standard 1",1,800.46,800.46
2020-09-01,A3818150202,"AQ LION x2","Plus 1 ",87,17.52,1524.21
2020-09-01,A0519150207,"AQ Mforce Gen Y","Premium 1",171,32.44,5547.70
2020-09-01,A4620110602,"AQ Gen Y","Standard Blue",10,346.69,3466.89
2020-09-01,A6018110102,"AQ Home Allin1","Standard 2",5,764.05,3820.27
2020-09-01,A5119110303,"AQ BZ Gen Y","Standard Red",23,474.32,10909.25
2020-09-01,A2319150304,"AQ Gamers Ms","Plus 2",466,10.46,4873.10
2020-09-01,A3521150703,"AQ Trigger","Plus 1",444,31.77,14104.33
2020-09-01,A3018150202,"AQ Master wireless x1","Standard 2",876,11.05,9681.90
2020-09-01,A1119150203,"AQ 5000 Series Electron 8 5900X Desktop Processor",Premium,158,139.90,22103.60
2020-09-01,A6018110103,"AQ Home Allin1","Standard 3",6,770.98,4625.87
2020-09-01,A0519150208,"AQ Mforce Gen Y","Premium 2",118,30.58,3608.63
2020-09-01,A1618150104,"AQ MB Elite",Premium,67,21.45,1437.08
2020-09-01,A6018110104,"AQ Home Allin1","Plus 1",5,749.10,3745.49
2020-09-01,A3819150205,"AQ LION x2",Premium,55,21.61,1188.36
2020-09-01,A5119110302,"AQ BZ Gen Y","Standard Blue",24,474.31,11383.52
2020-09-01,A4218110202,"AQ Digit","Standard Blue",9,215.93,1943.41
2020-09-01,A1819150304,"AQ MB Crossx 2",Premium,84,32.26,2709.94
2020-09-01,A5119110301,"AQ BZ Gen Y","Standard Grey",10,479.04,4790.44
2020-09-01,A2319150303,"AQ Gamers Ms","Plus 1",888,9.40,8345.16
2020-09-01,A0619150301,"AQ Mforce Gen Z","Standard 1",51,30.47,1553.95
2020-09-01,A3920150304,"AQ LION x3","Plus 3",75,25.04,1878.32
2020-09-01,A6018110105,"AQ Home Allin1","Plus 2",2,766.65,1533.29
2020-09-01,A3018150203,"AQ Master wireless x1","Plus 1",635,12.37,7857.43
2020-09-01,A4620110601,"AQ Gen Y","Standard Grey",31,347.25,10764.67
2020-09-01,A3819150204,"AQ LION x2","Plus 3",28,21.19,593.44
2020-09-01,A4218110206,"AQ Digit","Plus Red",15,237.02,3555.27
2020-09-01,A3220150406,"AQ Lite","Premium 2",451,20.01,9022.98
2020-09-01,A5019110208,"AQ BZ Compact","Premium Misty Green",19,467.30,8878.79
2020-09-01,A0619150302,"AQ Mforce Gen Z","Standard 2",191,34.10,6512.58
2020-09-01,A1420150502,"AQ Electron 4 3600 Desktop Processor",Plus,81,169.50,13729.49
2020-09-01,A2319150302,"AQ Gamers Ms","Standard 2",537,8.99,4827.68
2020-09-01,A6018110106,"AQ Home Allin1","Plus 3",6,787.59,4725.52
2020-09-01,A4218110207,"AQ Digit","Premium Black",26,249.13,6477.39
2020-09-01,A5018110207,"AQ BZ Compact","Premium Black",17,475.19,8078.24
2020-09-01,A3019150204,"AQ Master wireless x1","Plus 2",202,11.60,2343.42
2020-09-01,A1219150301,"AQ 5000 Series Ultron 8 5900X Desktop Processor",Standard,114,135.68,15467.77
2020-09-01,A6019110107,"AQ Home Allin1","Premium 1",4,785.99,3143.97
2020-09-01,A0620150303,"AQ Mforce Gen Z","Standard 3",167,34.24,5718.28
2020-09-01,A4419110404,"AQ Elite","Plus Grey",29,286.90,8320.02
2020-09-01,A2319150301,"AQ Gamers Ms","Standard 1",765,8.80,6735.37
2020-09-01,A4021150403,"AQ Mx NB","Plus 2",52,29.94,1557.00
2020-09-01,A6019110108,"AQ Home Allin1","Premium 2",5,796.66,3983.30
2020-09-01,A1819150303,"AQ MB Crossx 2","Plus 2",48,32.19,1545.24
2020-09-01,A5018110206,"AQ BZ Compact","Plus Red",27,475.55,12839.97
2020-09-01,A6119110201,"AQ HOME Allin1 Gen 2","Standard 1",2,824.09,1648.18
2020-09-01,A4419110401,"AQ Elite","Standard Grey",9,271.35,2442.12
2020-09-01,A0620150304,"AQ Mforce Gen Z","Plus 1",122,37.58,4585.08
2020-09-01,A3320150505,"AQ Maxima","Premium 1",576,23.08,13296.61
2020-09-01,A2219150206,"AQ Master wireless x1 Ms","Premium 2",578,8.32,4808.56
2020-09-01,A3019150205,"AQ Master wireless x1","Premium 1",260,12.05,3133.23
2020-09-01,A4520110508,"AQ Gen X","Premium Misty Green",28,327.09,9158.60
2020-09-01,A6119110202,"AQ HOME Allin1 Gen 2","Standard 2",3,790.10,2370.31
2020-09-01,A3521150705,"AQ Trigger","Premium 1",796,34.51,27471.07
2020-09-01,A5018110205,"AQ BZ Compact","Plus Blue",24,486.18,11668.23
2020-09-01,A2219150205,"AQ Master wireless x1 Ms","Premium 1",969,7.98,7733.88
2020-09-01,A0620150305,"AQ Mforce Gen Z","Plus 2",173,36.57,6326.25
2020-09-01,A3521150702,"AQ Trigger","Standard 2",389,30.34,11802.80
2020-09-01,A6119110203,"AQ HOME Allin1 Gen 2","Standard 3",4,769.56,3078.25
2020-09-01,A4419110406,"AQ Elite","Plus Red",9,287.57,2588.10
2020-09-01,A5018110204,"AQ BZ Compact","Plus Grey",14,447.73,6268.27
2020-09-01,A6119110204,"AQ HOME Allin1 Gen 2","Plus 1",2,807.26,1614.53
2020-09-01,A3019150206,"AQ Master wireless x1","Premium 2",266,13.00,3458.48
2020-09-01,A4520110507,"AQ Gen X","Premium Black",29,322.94,9365.34
2020-09-01,A2219150204,"AQ Master wireless x1 Ms","Plus 2",749,7.35,5507.10
2020-09-01,A0620150306,"AQ Mforce Gen Z","Plus 3",182,37.53,6830.06
2020-09-01,A1219150302,"AQ 5000 Series Ultron 8 5900X Desktop Processor",Plus,168,145.15,24384.76
2020-09-01,A6120110205,"AQ HOME Allin1 Gen 2","Plus 2",2,834.98,1669.96
2020-09-01,A3421150603,"AQ Qwerty","Plus 1",579,26.95,15604.46
2020-09-01,A4218110208,"AQ Digit","Premium Misty Green",34,243.04,8263.41
2020-09-01,A5018110203,"AQ BZ Compact","Standard Red",10,452.14,4521.42
2020-09-01,A6120110206,"AQ HOME Allin1 Gen 2","Plus 3",4,810.60,3242.41
2020-09-01,A3320150501,"AQ Maxima","Standard 1",195,20.39,3976.21
2020-09-01,A5018110202,"AQ BZ Compact","Standard Blue",16,462.56,7400.91
2020-09-01,A0621150307,"AQ Mforce Gen Z","Premium 1",177,36.24,6415.08
2020-09-01,A3420150602,"AQ Qwerty","Standard 2",206,23.97,4938.36
2020-09-01,A2219150203,"AQ Master wireless x1 Ms","Plus 1",686,6.73,4616.85
2020-09-01,A3119150301,"AQ Gamers ","Standard 1",560,13.51,7563.42
2020-09-01,A1819150302,"AQ MB Crossx 2","Plus 1",38,31.95,1214.20
2020-09-01,A6218160101,"AQ Digit SSD",Standard,139,13.59,1889.58
2020-09-01,A4020150402,"AQ Mx NB","Plus 1 ",23,28.45,654.35
2020-09-01,A6218160102,"AQ Digit SSD",Plus,476,15.25,7258.10
2020-09-01,A3920150303,"AQ LION x3","Plus 2",79,25.47,2011.89
2020-09-01,A0621150308,"AQ Mforce Gen Z","Premium 2",166,39.40,6540.23
2020-09-01,A3521150701,"AQ Trigger","Standard 1",92,29.39,2703.62
2020-09-01,A2218150202,"AQ Master wireless x1 Ms","Standard 2",218,6.41,1396.38
2020-09-01,A5018110201,"AQ BZ Compact","Standard Grey",17,451.70,7678.98
2020-09-01,A6219160103,"AQ Digit SSD",Premium,310,16.30,5053.09
2020-09-01,A4419110408,"AQ Elite","Premium Misty Green",19,297.03,5643.53
2020-09-01,A3119150302,"AQ Gamers ","Standard 2",396,15.31,6061.61
2020-09-01,A1219150303,"AQ 5000 Series Ultron 8 5900X Desktop Processor",Premium,153,142.94,21869.85
2020-09-01,A4218110203,"AQ Digit","Standard Red",11,236.85,2605.33
2020-09-01,A0721150401,"AQ GT 21",Standard,22,39.34,865.43
2020-09-01,A1618150103,"AQ MB Elite","Plus 2",43,21.20,911.67
2020-09-01,A2218150201,"AQ Master wireless x1 Ms","Standard 1",129,5.44,701.54
2020-09-01,A3818150201,"AQ LION x2",Standard,78,17.26,1346.65
2020-09-01,A4918110104,"AQ BZ 101","Premium Misty Green",15,460.28,6904.21
2020-09-01,A6319160201,"AQ Neuer SSD",Standard,316,17.36,5485.44
2020-09-01,A1819150301,"AQ MB Crossx 2",Standard,20,28.86,577.23
2020-09-01,A4918110103,"AQ BZ 101","Premium Black",28,428.15,11988.06
2020-09-01,A6319160202,"AQ Neuer SSD",Plus,730,18.57,13558.51
2020-09-01,A0721150402,"AQ GT 21","Plus 1",62,39.15,2427.08
2020-09-01,A4520110506,"AQ Gen X","Plus Red",35,325.26,11383.96
2020-09-01,A2118150106,"AQ Master wired x1 Ms","Premium 2",944,5.25,4959.96
2020-09-01,A3119150303,"AQ Gamers ","Plus 1",387,16.24,6285.15
2020-09-01,A4318110301,"AQ Velocity","Standard Grey",29,264.70,7676.30
2020-09-01,A6319160203,"AQ Neuer SSD",Premium,911,19.34,17621.75
2020-09-01,A1421150503,"AQ Electron 4 3600 Desktop Processor",Premium,84,176.44,14820.87
2020-09-01,A3320150502,"AQ Maxima","Standard 2",172,21.70,3732.19
2020-09-01,A4918110102,"AQ BZ 101","Standard Blue",10,451.49,4514.88
2020-09-01,A0721150403,"AQ GT 21","Plus 2",57,39.30,2240.04
2020-09-01,A3420150601,"AQ Qwerty","Standard 1",375,24.57,9213.38
2020-09-01,A6419160301,"AQ Clx1",Standard,799,17.80,14225.64
2020-09-01,A2118150105,"AQ Master wired x1 Ms","Premium 1",844,4.69,3958.70
2020-09-01,A4319110302,"AQ Velocity","Standard Blue",38,267.21,10153.95
2020-09-01,A4918110101,"AQ BZ 101","Standard Grey",13,419.19,5449.52
2020-09-01,A3120150304,"AQ Gamers ","Plus 2",831,16.38,13611.12
2020-09-01,A1319150401,"AQ Electron 5 3600 Desktop Processor",Standard,152,149.10,22663.72
2020-09-01,A6419160302,"AQ Clx1",Plus,204,19.67,4013.15
2020-09-01,A0721150404,"AQ GT 21",Premium,182,39.12,7120.11
2020-09-01,A4419110402,"AQ Elite","Standard Blue",37,281.95,10432.16
2020-09-01,A3920150302,"AQ LION x3","Plus 1 ",33,23.15,764.02
2020-09-01,A2118150104,"AQ Master wired x1 Ms","Plus 2",433,5.05,2184.87
2020-09-01,A6419160303,"AQ Clx1",Premium,1028,19.33,19875.56
2020-09-01,A1718150204,"AQ MB Crossx",Premium,32,28.40,908.77
2020-09-01,A4721110705,"AQ GEN Z","Plus Blue",11,377.41,4151.48
2020-09-01,A6519160401,"AQ Clx2",Standard,705,20.29,14303.67
2020-09-01,A3920150301,"AQ LION x3",Standard,69,22.15,1528.03
2020-09-01,A0821150501,"AQ Marquee P3",Standard,120,40.50,4860.16
2020-09-01,A4520110505,"AQ Gen X","Plus Blue",24,325.22,7805.17
2020-09-01,A2118150103,"AQ Master wired x1 Ms","Plus 1",383,4.53,1734.80
2020-09-01,A3120150305,"AQ Gamers ","Premium 1",609,16.32,9939.98
2020-09-01,A3421150606,"AQ Qwerty","Premium 2",368,29.67,10918.89
2020-09-01,A6520160402,"AQ Clx2",Plus,582,20.17,11736.03
2020-09-01,A4419110405,"AQ Elite","Plus Blue",15,291.21,4368.11
2020-09-01,A4721110704,"AQ GEN Z","Plus Grey",38,380.22,14448.18
2020-09-01,A6520160403,"AQ Clx2",Premium,984,21.28,20942.47
2020-09-01,A0821150502,"AQ Marquee P3","Plus 1",106,43.30,4589.44
2020-09-01,A4520110504,"AQ Gen X","Plus Grey",22,341.73,7518.15
2020-09-01,A2118150102,"AQ Master wired x1 Ms","Standard 2",177,4.00,707.96
2020-09-01,A4319110303,"AQ Velocity","Standard Red",36,261.23,9404.30
2020-09-01,A4721110703,"AQ GEN Z","Standard Red",13,361.65,4701.44
2020-09-01,A6620160501,"AQ Clx3",Standard,732,22.85,16728.40
2020-09-01,A3120150306,"AQ Gamers ","Premium 2",194,19.30,3744.26
2020-09-01,A1320150402,"AQ Electron 5 3600 Desktop Processor",Plus,112,150.25,16827.44
2020-09-01,A3521150704,"AQ Trigger","Plus 2",137,33.62,4606.57
2020-09-01,A0821150503,"AQ Marquee P3","Plus 2",172,42.38,7290.07
2020-09-01,A4419110407,"AQ Elite","Premium Black",12,287.49,3449.92
2020-09-01,A2118150101,"AQ Master wired x1 Ms","Standard 1",537,2.94,1580.61
2020-09-01,A6720160103,"AQ Pen Drive 2 IN 1",Premium,194,4.44,861.57
2020-09-01,A1718150203,"AQ MB Crossx","Plus 2",110,27.34,3007.90
2020-09-01,A4720110702,"AQ GEN Z","Standard Blue",17,371.40,6313.85
2020-09-01,A6818160201,"AQ Pen Drive DRC",Standard,1697,3.00,5089.30
2020-09-01,A3320150503,"AQ Maxima","Plus 1",637,20.87,13296.29
2020-09-01,A4720110701,"AQ GEN Z","Standard Grey",10,367.73,3677.34
2020-09-01,A0821150504,"AQ Marquee P3",Premium,197,44.70,8806.77
2020-10-01,A0118150101,"AQ Dracula HDD – 3.5 Inch SATA 6 Gb/s 5400 RPM 256 MB Cache",Standard,95,19.06,1810.44
2020-10-01,A4021150405,"AQ Mx NB",Premium,94,31.70,2980.07
2020-10-01,A5419110204,"AQ Gamer 2","Plus Firey Red",8,602.92,4823.36
2020-10-01,A0118150102,"AQ Dracula HDD – 3.5 Inch SATA 6 Gb/s 5400 RPM 256 MB Cache",Plus,237,21.46,5085.19
2020-10-01,A2721150702,"AQ Trigger Ms","Standard 2",276,17.24,4757.36
2020-10-01,A5419110203,"AQ Gamer 2","Standard Black",6,595.57,3573.43
2020-10-01,A0118150103,"AQ Dracula HDD – 3.5 Inch SATA 6 Gb/s 5400 RPM 256 MB Cache",Premium,102,21.78,2221.51
2020-10-01,A5419110202,"AQ Gamer 2","Standard Cool Blue",16,567.93,9086.83
2020-10-01,A2721150703,"AQ Trigger Ms","Plus 1",1090,16.94,18459.48
2020-10-01,A0118150104,"AQ Dracula HDD – 3.5 Inch SATA 6 Gb/s 5400 RPM 256 MB Cache","Premium Plus",276,22.97,6340.52
2020-10-01,A3718150103,"AQ LION x1","Plus 2",102,17.57,1792.11
2020-10-01,A5419110201,"AQ Gamer 2","Standard Firey Red",9,585.00,5265.00
2020-10-01,A5318110108,"AQ Gamer 1","Premium Misty Green",6,579.66,3477.97
2020-10-01,A0219150201,"AQ WereWolf NAS Internal Hard Drive HDD – 8.89 cm",Standard,164,23.70,3886.59
2020-10-01,A2721150704,"AQ Trigger Ms","Plus 2",560,19.59,10968.16
2020-10-01,A0219150202,"AQ WereWolf NAS Internal Hard Drive HDD – 8.89 cm",Plus,97,24.73,2398.93
2020-10-01,A5318110107,"AQ Gamer 1","Premium Black",16,571.65,9146.38
2020-10-01,A2721150705,"AQ Trigger Ms","Premium 1",654,19.40,12690.35
2020-10-01,A0220150203,"AQ WereWolf NAS Internal Hard Drive HDD – 8.89 cm",Premium,306,23.62,7226.31
2020-10-01,A3819150205,"AQ LION x2",Premium,48,21.61,1037.12
2020-10-01,A5318110106,"AQ Gamer 1","Plus Black",13,565.87,7356.37
2020-10-01,A5318110105,"AQ Gamer 1","Plus Cool Blue",7,551.33,3859.31
2020-10-01,A0320150301,"AQ Zion Saga",Standard,205,23.72,4863.07
2020-10-01,A2721150706,"AQ Trigger Ms","Premium 2",241,20.05,4832.94
2020-10-01,A5318110104,"AQ Gamer 1","Plus Firey Red",21,586.38,12314.03
2020-10-01,A0321150302,"AQ Zion Saga",Plus,135,27.10,3658.86
2020-10-01,A2821150801,"AQ Lumina Ms","Standard 1",438,21.71,9509.77
2020-10-01,A0321150303,"AQ Zion Saga",Premium,249,28.01,6973.47
2020-10-01,A5318110103,"AQ Gamer 1","Standard Black",16,584.97,9359.56
2020-10-01,A5220110408,"AQ BZ Gen Z","Premium Misty Green",36,533.04,19189.43
2020-10-01,A0418150103,"AQ Mforce Gen X","Standard 3",220,19.52,4295.17
2020-10-01,A2918150101,"AQ Master wired x1","Standard 1",757,6.90,5222.62
2020-10-01,A4021150404,"AQ Mx NB","Plus 3",82,28.58,2343.56
2020-10-01,A5219110407,"AQ BZ Gen Z","Premium Black",25,545.59,13639.83
2020-10-01,A0418150104,"AQ Mforce Gen X","Plus 1",226,19.92,4502.80
2020-10-01,A5219110406,"AQ BZ Gen Z","Plus Red",9,550.46,4954.14
2020-10-01,A2918150102,"AQ Master wired x1","Standard 2",849,7.60,6450.62
2020-10-01,A0418150105,"AQ Mforce Gen X","Plus 2",248,20.08,4979.00
2020-10-01,A5219110405,"AQ BZ Gen Z","Plus Blue",37,521.26,19286.63
2020-10-01,A0418150106,"AQ Mforce Gen X","Plus 3",75,19.94,1495.24
2020-10-01,A2918150103,"AQ Master wired x1","Plus 1",247,7.77,1919.02
2020-10-01,A5219110403,"AQ BZ Gen Z","Standard Red",16,525.80,8412.87
2020-10-01,A0519150201,"AQ Mforce Gen Y","Standard 1",82,22.40,1836.67
2020-10-01,A5219110402,"AQ BZ Gen Z","Standard Blue",34,490.16,16665.38
2020-10-01,A2918150104,"AQ Master wired x1","Plus 2",622,8.95,5567.77
2020-10-01,A0519150202,"AQ Mforce Gen Y","Standard 2",49,24.93,1221.56
2020-10-01,A5219110401,"AQ BZ Gen Z","Standard Grey",30,506.96,15208.93
2020-10-01,A5119110308,"AQ BZ Gen Y","Premium Misty Green",7,512.58,3588.07
2020-10-01,A0519150203,"AQ Mforce Gen Y","Standard 3",193,26.59,5131.31
2020-10-01,A2918150105,"AQ Master wired x1","Premium 1",664,9.47,6284.76
2020-10-01,A3718150105,"AQ LION x1",Premium,54,18.03,973.68
2020-10-01,A0519150204,"AQ Mforce Gen Y","Plus 1",193,26.11,5038.86
2020-10-01,A5119110307,"AQ BZ Gen Y","Premium Black",27,516.46,13944.37
2020-10-01,A2918150106,"AQ Master wired x1","Premium 2",680,10.42,7084.78
2020-10-01,A0519150205,"AQ Mforce Gen Y","Plus 2",216,29.70,6415.37
2020-10-01,A5119110306,"AQ BZ Gen Y","Plus Red",26,486.49,12648.63
2020-10-01,A5119110305,"AQ BZ Gen Y","Plus Blue",36,483.38,17401.73
2020-10-01,A0519150206,"AQ Mforce Gen Y","Plus 3",136,31.24,4249.17
2020-10-01,A3018150201,"AQ Master wireless x1","Standard 1",650,10.80,7017.08
2020-10-01,A5119110303,"AQ BZ Gen Y","Standard Red",11,474.32,5217.47
2020-10-01,A0519150207,"AQ Mforce Gen Y","Premium 1",123,32.44,3990.45
2020-10-01,A5119110302,"AQ BZ Gen Y","Standard Blue",22,474.31,10434.89
2020-10-01,A3018150202,"AQ Master wireless x1","Standard 2",627,11.05,6929.85
2020-10-01,A0519150208,"AQ Mforce Gen Y","Premium 2",219,30.58,6697.37
2020-10-01,A5119110301,"AQ BZ Gen Y","Standard Grey",11,479.04,5269.49
2020-10-01,A0619150301,"AQ Mforce Gen Z","Standard 1",45,30.47,1371.13
2020-10-01,A3018150203,"AQ Master wireless x1","Plus 1",856,12.37,10592.06
2020-10-01,A4021150403,"AQ Mx NB","Plus 2",62,29.94,1856.42
2020-10-01,A5019110208,"AQ BZ Compact","Premium Misty Green",36,467.30,16822.97
2020-10-01,A0619150302,"AQ Mforce Gen Z","Standard 2",29,34.10,988.82
2020-10-01,A5018110207,"AQ BZ Compact","Premium Black",32,475.19,15206.09
2020-10-01,A3019150204,"AQ Master wireless x1","Plus 2",888,11.60,10301.78
2020-10-01,A0620150303,"AQ Mforce Gen Z","Standard 3",93,34.24,3184.43
2020-10-01,A5018110206,"AQ BZ Compact","Plus Red",9,475.55,4279.99
2020-10-01,A5018110205,"AQ BZ Compact","Plus Blue",32,486.18,15557.64
2020-10-01,A0620150304,"AQ Mforce Gen Z","Plus 1",242,37.58,9094.99
2020-10-01,A3019150205,"AQ Master wireless x1","Premium 1",696,12.05,8387.43
2020-10-01,A0620150305,"AQ Mforce Gen Z","Plus 2",231,36.57,8447.18
2020-10-01,A5018110204,"AQ BZ Compact","Plus Grey",14,447.73,6268.27
2020-10-01,A3019150206,"AQ Master wireless x1","Premium 2",288,13.00,3744.52
2020-10-01,A0620150306,"AQ Mforce Gen Z","Plus 3",231,37.53,8668.92
2020-10-01,A4020150402,"AQ Mx NB","Plus 1 ",30,28.45,853.50
2020-10-01,A5018110203,"AQ BZ Compact","Standard Red",37,452.14,16729.25
2020-10-01,A5018110202,"AQ BZ Compact","Standard Blue",11,462.56,5088.12
2020-10-01,A0621150307,"AQ Mforce Gen Z","Premium 1",47,36.24,1703.44
2020-10-01,A3119150301,"AQ Gamers ","Standard 1",1085,13.51,14654.12
2020-10-01,A5018110201,"AQ BZ Compact","Standard Grey",16,451.70,7227.28
2020-10-01,A0621150308,"AQ Mforce Gen Z","Premium 2",235,39.40,9258.77
2020-10-01,A4918110104,"AQ BZ 101","Premium Misty Green",33,460.28,15189.26
2020-10-01,A3119150302,"AQ Gamers ","Standard 2",796,15.31,12184.45
2020-10-01,A0721150401,"AQ GT 21",Standard,218,39.34,8575.62
2020-10-01,A4918110103,"AQ BZ 101","Premium Black",15,428.15,6422.18
2020-10-01,A0721150402,"AQ GT 21","Plus 1",43,39.15,1683.30
2020-10-01,A3119150303,"AQ Gamers ","Plus 1",698,16.24,11336.01
2020-10-01,A3818150201,"AQ LION x2",Standard,67,17.26,1156.74
2020-10-01,A4918110102,"AQ BZ 101","Standard Blue",29,451.49,13093.15
2020-10-01,A0721150403,"AQ GT 21","Plus 2",184,39.30,7231.02
2020-10-01,A4918110101,"AQ BZ 101","Standard Grey",18,419.19,7545.48
2020-10-01,A3120150304,"AQ Gamers ","Plus 2",583,16.38,9549.07
2020-10-01,A0721150404,"AQ GT 21",Premium,64,39.12,2503.78
2020-10-01,A4721110705,"AQ GEN Z","Plus Blue",36,377.41,13586.65
2020-10-01,A4721110704,"AQ GEN Z","Plus Grey",44,380.22,16729.47
2020-10-01,A0821150501,"AQ Marquee P3",Standard,174,40.50,7047.23
2020-10-01,A3120150305,"AQ Gamers ","Premium 1",888,16.32,14493.76
2020-10-01,A3920150301,"AQ LION x3",Standard,94,22.15,2081.67
2020-10-01,A0821150502,"AQ Marquee P3","Plus 1",237,43.30,10261.29
2020-10-01,A4721110703,"AQ GEN Z","Standard Red",34,361.65,12296.09
2020-10-01,A3120150306,"AQ Gamers ","Premium 2",746,19.30,14398.02
2020-10-01,A0821150503,"AQ Marquee P3","Plus 2",237,42.38,10045.03
2020-10-01,A4720110702,"AQ GEN Z","Standard Blue",18,371.40,6685.25
2020-10-01,A4720110701,"AQ GEN Z","Standard Grey",35,367.73,12870.67
2020-10-01,A0821150504,"AQ Marquee P3",Premium,249,44.70,11131.40
2020-10-01,A3220150401,"AQ Lite","Standard 1",851,18.49,15738.65
2020-10-01,A4020150401,"AQ Mx NB",Standard,32,26.93,861.77
2020-10-01,A4620110608,"AQ Gen Y","Premium Misty Green",11,363.06,3993.69
2020-10-01,A0921150601,"AQ Marquee P4",Standard,217,45.08,9782.64
2020-10-01,A4620110607,"AQ Gen Y","Premium Black",31,347.80,10781.89
2020-10-01,A3220150402,"AQ Lite","Standard 2",947,18.79,17798.58
2020-10-01,A1018150101,"AQ 5000 Series Electron 9 5900X Desktop Processor",Standard,132,111.10,14665.68
2020-10-01,A4620110606,"AQ Gen Y","Plus Red",35,348.54,12198.81
2020-10-01,A1018150102,"AQ 5000 Series Electron 9 5900X Desktop Processor",Plus,226,123.48,27906.41
2020-10-01,A3220150403,"AQ Lite","Plus 1",654,18.58,12154.20
2020-10-01,A4620110605,"AQ Gen Y","Plus Blue",14,349.25,4889.54
2020-10-01,A1018150103,"AQ 5000 Series Electron 9 5900X Desktop Processor",Premium,196,123.93,24290.57
2020-10-01,A4620110604,"AQ Gen Y","Plus Grey",37,353.10,13064.63
2020-10-01,A3220150404,"AQ Lite","Plus 2",554,18.42,10205.73
2020-10-01,A1118150201,"AQ 5000 Series Electron 8 5900X Desktop Processor",Standard,138,124.26,17148.43
2020-10-01,A3920150305,"AQ LION x3",Premium,108,27.45,2965.10
2020-10-01,A4620110603,"AQ Gen Y","Standard Red",14,366.05,5124.64
2020-10-01,A4620110602,"AQ Gen Y","Standard Blue",31,346.69,10747.35
2020-10-01,A1118150202,"AQ 5000 Series Electron 8 5900X Desktop Processor",Plus,108,129.58,13995.03
2020-10-01,A3220150405,"AQ Lite","Premium 1",1089,18.94,20627.29
2020-10-01,A1119150203,"AQ 5000 Series Electron 8 5900X Desktop Processor",Premium,220,139.90,30777.16
2020-10-01,A4620110601,"AQ Gen Y","Standard Grey",21,347.25,7292.20
2020-10-01,A3220150406,"AQ Lite","Premium 2",760,20.01,15205.02
2020-10-01,A1219150301,"AQ 5000 Series Ultron 8 5900X Desktop Processor",Standard,97,135.68,13161.17
2020-10-01,A3818150202,"AQ LION x2","Plus 1 ",19,17.52,332.87
2020-10-01,A4520110508,"AQ Gen X","Premium Misty Green",43,327.09,14065.00
2020-10-01,A4520110507,"AQ Gen X","Premium Black",15,322.94,4844.14
2020-10-01,A1219150302,"AQ 5000 Series Ultron 8 5900X Desktop Processor",Plus,258,145.15,37448.03
2020-10-01,A3320150501,"AQ Maxima","Standard 1",279,20.39,5689.03
2020-10-01,A4520110506,"AQ Gen X","Plus Red",24,325.26,7806.15
2020-10-01,A1219150303,"AQ 5000 Series Ultron 8 5900X Desktop Processor",Premium,83,142.94,11864.04
2020-10-01,A4520110505,"AQ Gen X","Plus Blue",26,325.22,8455.61
2020-10-01,A3320150502,"AQ Maxima","Standard 2",567,21.70,12303.22
2020-10-01,A1319150401,"AQ Electron 5 3600 Desktop Processor",Standard,132,149.10,19681.65
2020-10-01,A4520110504,"AQ Gen X","Plus Grey",35,341.73,11960.70
2020-10-01,A1320150402,"AQ Electron 5 3600 Desktop Processor",Plus,55,150.25,8263.48
2020-10-01,A3320150503,"AQ Maxima","Plus 1",197,20.87,4112.04
2020-10-01,A4519110503,"AQ Gen X","Standard Red",42,306.92,12890.59
2020-10-01,A1320150403,"AQ Electron 5 3600 Desktop Processor",Premium,136,160.69,21854.00
2020-10-01,A4519110502,"AQ Gen X","Standard Blue",36,300.34,10812.16
2020-10-01,A3320150504,"AQ Maxima","Plus 2",522,22.13,11554.00
2020-10-01,A1420150501,"AQ Electron 4 3600 Desktop Processor",Standard,97,160.51,15569.30
2020-10-01,A4519110501,"AQ Gen X","Standard Grey",9,311.84,2806.56
2020-10-01,A4419110408,"AQ Elite","Premium Misty Green",24,297.03,7128.66
2020-10-01,A1420150502,"AQ Electron 4 3600 Desktop Processor",Plus,41,169.50,6949.50
2020-10-01,A3320150505,"AQ Maxima","Premium 1",561,23.08,12950.35
2020-10-01,A3920150304,"AQ LION x3","Plus 3",26,25.04,651.15
2020-10-01,A1421150503,"AQ Electron 4 3600 Desktop Processor",Premium,136,176.44,23995.69
2020-10-01,A4419110407,"AQ Elite","Premium Black",21,287.49,6037.36
2020-10-01,A3320150506,"AQ Maxima","Premium 2",988,23.77,23482.59
2020-10-01,A1521150601,"AQ Electron 3 3600 Desktop Processor",Standard,99,186.29,18442.88
2020-10-01,A4419110406,"AQ Elite","Plus Red",10,287.57,2875.67
2020-10-01,A4419110405,"AQ Elite","Plus Blue",38,291.21,11065.87
2020-10-01,A1521150602,"AQ Electron 3 3600 Desktop Processor",Plus,251,185.46,46550.43
2020-10-01,A3420150601,"AQ Qwerty","Standard 1",371,24.57,9115.10
2020-10-01,A7220160203,"AQ Wi Power Dx2",Premium,917,37.48,34367.69
2020-10-01,A4419110404,"AQ Elite","Plus Grey",40,286.90,11475.89
2020-10-01,A1618150101,"AQ MB Elite",Standard,104,19.65,2043.44
2020-10-01,A4419110403,"AQ Elite","Standard Red",11,288.05,3168.55
2020-10-01,A3420150602,"AQ Qwerty","Standard 2",908,23.97,21767.12
2020-10-01,A1618150102,"AQ MB Elite","Plus 1",146,20.46,2987.58
2020-10-01,A4419110402,"AQ Elite","Standard Blue",12,281.95,3383.40
2020-10-01,A1618150103,"AQ MB Elite","Plus 2",137,21.20,2904.63
2020-10-01,A3421150603,"AQ Qwerty","Plus 1",272,26.95,7330.59
2020-10-01,A3819150203,"AQ LION x2","Plus 2",96,18.45,1771.52
2020-10-01,A4419110401,"AQ Elite","Standard Grey",30,271.35,8140.41
2020-10-01,A1618150104,"AQ MB Elite",Premium,94,21.45,2016.20
2020-10-01,A4319110306,"AQ Velocity","Plus Red",38,275.82,10481.14
2020-10-01,A3421150604,"AQ Qwerty","Plus 2",700,27.42,19190.64
2020-10-01,A1718150201,"AQ MB Crossx",Standard,158,21.89,3458.29
2020-10-01,A4319110305,"AQ Velocity","Plus Blue",36,277.81,10001.08
2020-10-01,A4319110304,"AQ Velocity","Plus Grey",44,267.06,11750.80
2020-10-01,A1718150202,"AQ MB Crossx","Plus 1",25,22.90,572.39
2020-10-01,A3421150605,"AQ Qwerty","Premium 1",963,29.87,28764.04
2020-10-01,A1718150203,"AQ MB Crossx","Plus 2",76,27.34,2078.18
2020-10-01,A4319110303,"AQ Velocity","Standard Red",14,261.23,3657.23
2020-10-01,A3421150606,"AQ Qwerty","Premium 2",773,29.67,22935.61
2020-10-01,A1718150204,"AQ MB Crossx",Premium,66,28.40,1874.34
2020-10-01,A3920150303,"AQ LION x3","Plus 2",84,25.47,2139.23
2020-10-01,A4319110302,"AQ Velocity","Standard Blue",24,267.21,6413.02
2020-10-01,A4318110301,"AQ Velocity","Standard Grey",45,264.70,11911.50
2020-10-01,A1819150301,"AQ MB Crossx 2",Standard,46,28.86,1327.63
2020-10-01,A3521150701,"AQ Trigger","Standard 1",183,29.39,5377.86
2020-10-01,A4218110208,"AQ Digit","Premium Misty Green",35,243.04,8506.45
2020-10-01,A1819150302,"AQ MB Crossx 2","Plus 1",127,31.95,4057.97
2020-10-01,A4218110207,"AQ Digit","Premium Black",37,249.13,9217.82
2020-10-01,A3521150702,"AQ Trigger","Standard 2",888,30.34,26943.16
2020-10-01,A1819150303,"AQ MB Crossx 2","Plus 2",153,32.19,4925.44
2020-10-01,A4218110206,"AQ Digit","Plus Red",19,237.02,4503.35
2020-10-01,A1819150304,"AQ MB Crossx 2",Premium,167,32.26,5387.62
2020-10-01,A3521150703,"AQ Trigger","Plus 1",819,31.77,26016.76
2020-10-01,A7321160303,"AQ Wi Power Dx3",Premium,586,42.85,25109.10
2020-10-01,A1919150401,"AQ MB Lito",Standard,108,33.76,3646.18
2020-10-01,A7321160302,"AQ Wi Power Dx3",Plus,243,43.94,10678.54
2020-10-01,A7321160301,"AQ Wi Power Dx3",Standard,479,40.80,19541.00
2020-10-01,A1919150402,"AQ MB Lito","Plus 1",88,35.03,3082.25
2020-10-01,A3920150302,"AQ LION x3","Plus 1 ",104,23.15,2407.81
2020-10-01,A7220160202,"AQ Wi Power Dx2",Plus,685,35.21,24115.63
2020-10-01,A1919150403,"AQ MB Lito","Plus 2",79,35.84,2830.97
2020-10-01,A4218110205,"AQ Digit","Plus Blue",44,240.14,10566.17
2020-10-01,A7219160201,"AQ Wi Power Dx2",Standard,768,32.96,25311.36
2020-10-01,A1920150404,"AQ MB Lito",Premium,117,38.98,4560.43
2020-10-01,A7119160103,"AQ Wi Power Dx1",Premium,618,28.77,17782.08
2020-10-01,A7119160102,"AQ Wi Power Dx1",Plus,305,29.93,9127.55
2020-10-01,A2020150501,"AQ MB Lito 2",Standard,26,41.37,1075.61
2020-10-01,A7118160101,"AQ Wi Power Dx1",Standard,507,29.67,15043.30
2020-10-01,A6819160203,"AQ Pen Drive DRC",Premium,1483,5.10,7560.93
2020-10-01,A2020150502,"AQ MB Lito 2","Plus 1",168,39.39,6618.06
2020-10-01,A4218110204,"AQ Digit","Plus Grey",28,232.10,6498.91
2020-10-01,A6818160202,"AQ Pen Drive DRC",Plus,2256,3.85,8692.59
2020-10-01,A2021150503,"AQ MB Lito 2","Plus 2",179,45.44,8133.35
2020-10-01,A6818160201,"AQ Pen Drive DRC",Standard,828,3.00,2483.17
2020-10-01,A6720160103,"AQ Pen Drive 2 IN 1",Premium,2256,4.44,10019.12
2020-10-01,A2118150101,"AQ Master wired x1 Ms","Standard 1",1036,2.94,3049.36
2020-10-01,A6620160501,"AQ Clx3",Standard,387,22.85,8844.11
2020-10-01,A6520160403,"AQ Clx2",Premium,581,21.28,12365.42
2020-10-01,A2118150102,"AQ Master wired x1 Ms","Standard 2",1111,4.00,4443.78
2020-10-01,A3521150704,"AQ Trigger","Plus 2",718,33.62,24142.46
2020-10-01,A6520160402,"AQ Clx2",Plus,1030,20.17,20769.95
2020-10-01,A2118150103,"AQ Master wired x1 Ms","Plus 1",352,4.53,1594.38
2020-10-01,A6519160401,"AQ Clx2",Standard,292,20.29,5924.36
2020-10-01,A6419160303,"AQ Clx1",Premium,1274,19.33,24631.77
2020-10-01,A2118150104,"AQ Master wired x1 Ms","Plus 2",979,5.05,4939.94
2020-10-01,A6419160302,"AQ Clx1",Plus,1276,19.67,25101.85
2020-10-01,A6419160301,"AQ Clx1",Standard,360,17.80,6409.55
2020-10-01,A2118150105,"AQ Master wired x1 Ms","Premium 1",600,4.69,2814.24
2020-10-01,A6319160203,"AQ Neuer SSD",Premium,462,19.34,8936.60
2020-10-01,A2118150106,"AQ Master wired x1 Ms","Premium 2",860,5.25,4518.61
2020-10-01,A4218110203,"AQ Digit","Standard Red",50,236.85,11842.43
2020-10-01,A6319160202,"AQ Neuer SSD",Plus,1330,18.57,24702.49
2020-10-01,A6319160201,"AQ Neuer SSD",Standard,979,17.36,16994.46
2020-10-01,A2218150201,"AQ Master wireless x1 Ms","Standard 1",368,5.44,2001.29
2020-10-01,A6219160103,"AQ Digit SSD",Premium,938,16.30,15289.68
2020-10-01,A6218160102,"AQ Digit SSD",Plus,1165,15.25,17764.04
2020-10-01,A2218150202,"AQ Master wireless x1 Ms","Standard 2",584,6.41,3740.75
2020-10-01,A6218160101,"AQ Digit SSD",Standard,565,13.59,7680.67
2020-10-01,A2219150203,"AQ Master wireless x1 Ms","Plus 1",817,6.73,5498.49
2020-10-01,A6120110206,"AQ HOME Allin1 Gen 2","Plus 3",5,810.60,4053.02
2020-10-01,A6120110205,"AQ HOME Allin1 Gen 2","Plus 2",7,834.98,5844.87
2020-10-01,A2219150204,"AQ Master wireless x1 Ms","Plus 2",979,7.35,7198.20
2020-10-01,A4218110202,"AQ Digit","Standard Blue",48,215.93,10364.84
2020-10-01,A6119110204,"AQ HOME Allin1 Gen 2","Plus 1",7,807.26,5650.85
2020-10-01,A6119110203,"AQ HOME Allin1 Gen 2","Standard 3",3,769.56,2308.69
2020-10-01,A2219150205,"AQ Master wireless x1 Ms","Premium 1",992,7.98,7917.45
2020-10-01,A6119110202,"AQ HOME Allin1 Gen 2","Standard 2",7,790.10,5530.73
2020-10-01,A6119110201,"AQ HOME Allin1 Gen 2","Standard 1",3,824.09,2472.27
2020-10-01,A2219150206,"AQ Master wireless x1 Ms","Premium 2",308,8.32,2562.34
2020-10-01,A3521150705,"AQ Trigger","Premium 1",165,34.51,5694.38
2020-10-01,A6019110108,"AQ Home Allin1","Premium 2",2,796.66,1593.32
2020-10-01,A2319150301,"AQ Gamers Ms","Standard 1",297,8.80,2614.91
2020-10-01,A6019110107,"AQ Home Allin1","Premium 1",3,785.99,2357.98
2020-10-01,A6018110106,"AQ Home Allin1","Plus 3",7,787.59,5513.11
2020-10-01,A2319150302,"AQ Gamers Ms","Standard 2",1333,8.99,11983.80
2020-10-01,A6018110105,"AQ Home Allin1","Plus 2",6,766.65,4599.88
2020-10-01,A6018110104,"AQ Home Allin1","Plus 1",7,749.10,5243.69
2020-10-01,A2319150303,"AQ Gamers Ms","Plus 1",906,9.40,8514.32
2020-10-01,A6018110103,"AQ Home Allin1","Standard 3",2,770.98,1541.96
2020-10-01,A2319150304,"AQ Gamers Ms","Plus 2",1179,10.46,12329.16
2020-10-01,A6018110102,"AQ Home Allin1","Standard 2",6,764.05,4584.33
2020-10-01,A6018110101,"AQ Home Allin1","Standard 1",2,800.46,1600.92
2020-10-01,A2319150305,"AQ Gamers Ms","Premium 1",571,10.44,5959.53
2020-10-01,A4218110201,"AQ Digit","Standard Grey",48,200.27,9613.11
2020-10-01,A5821110108,"AQ BZ Allin1","Premium 2",32,746.74,23895.64
2020-10-01,A5820110107,"AQ BZ Allin1","Premium 1",34,737.68,25081.04
2020-10-01,A2319150306,"AQ Gamers Ms","Premium 2",787,10.87,8551.46
2020-10-01,A5820110106,"AQ BZ Allin1","Plus 3",25,692.52,17313.11
2020-10-01,A5820110105,"AQ BZ Allin1","Plus 2",29,709.39,20572.39
2020-10-01,A2419150401,"AQ Lite Ms","Standard 1",397,11.48,4558.71
2020-10-01,A5820110104,"AQ BZ Allin1","Plus 1",7,690.50,4833.48
2020-10-01,A2419150402,"AQ Lite Ms","Standard 2",273,11.28,3079.96
2020-10-01,A5820110103,"AQ BZ Allin1","Standard 3",17,735.15,12497.49
2020-10-01,A5820110102,"AQ BZ Allin1","Standard 2",11,697.55,7673.10
2020-10-01,A2419150403,"AQ Lite Ms","Plus 1",784,10.89,8539.72
2020-10-01,A3718150101,"AQ LION x1",Standard,42,16.51,693.53
2020-10-01,A5820110101,"AQ BZ Allin1","Standard 1",22,681.30,14988.65
2020-10-01,A5721110506,"AQ Smash 2","Plus Black",16,720.55,11528.74
2020-10-01,A2419150404,"AQ Lite Ms","Plus 2",324,11.63,3769.16
2020-10-01,A5721110505,"AQ Smash 2","Plus Cool Blue",18,674.43,12139.69
2020-10-01,A2419150405,"AQ Lite Ms","Premium 1",708,12.74,9021.55
2020-10-01,A3819150204,"AQ LION x2","Plus 3",51,21.19,1080.90
2020-10-01,A5721110504,"AQ Smash 2","Plus Firey Red",15,655.83,9837.52
2020-10-01,A5721110503,"AQ Smash 2","Standard Black",17,678.30,11531.16
2020-10-01,A2420150406,"AQ Lite Ms","Premium 2",465,12.30,5718.52
2020-10-01,A4118110107,"AQ Aspiron","Premium Black",44,195.77,8613.97
2020-10-01,A5721110502,"AQ Smash 2","Standard Cool Blue",20,627.99,12559.88
2020-10-01,A5721110501,"AQ Smash 2","Standard Firey Red",21,649.69,13643.55
2020-10-01,A2520150501,"AQ Maxima Ms","Standard 1",511,12.07,6167.21
2020-10-01,A5621110408,"AQ Smash 1","Premium Misty Green",13,657.25,8544.28
2020-10-01,A2520150502,"AQ Maxima Ms","Standard 2",779,14.53,11316.30
2020-10-01,A5621110407,"AQ Smash 1","Premium Black",13,655.78,8525.12
2020-10-01,A5621110406,"AQ Smash 1","Plus Black",11,644.38,7088.15
2020-10-01,A2520150503,"AQ Maxima Ms","Plus 1",833,14.17,11802.11
2020-10-01,A4118110106,"AQ Aspiron","Plus Red",48,187.75,9012.16
2020-10-01,A5621110405,"AQ Smash 1","Plus Cool Blue",22,601.82,13239.98
2020-10-01,A5621110404,"AQ Smash 1","Plus Firey Red",19,639.96,12159.27
2020-10-01,A2520150504,"AQ Maxima Ms","Plus 2",1133,14.28,16179.24
2020-10-01,A5621110403,"AQ Smash 1","Standard Black",5,631.19,3155.93
2020-10-01,A2520150505,"AQ Maxima Ms","Premium 1",727,15.18,11033.10
2020-10-01,A5620110402,"AQ Smash 1","Standard Cool Blue",16,593.83,9501.28
2020-10-01,A5620110401,"AQ Smash 1","Standard Firey Red",13,642.07,8346.91
2020-10-01,A2520150506,"AQ Maxima Ms","Premium 2",776,14.57,11304.54
2020-10-01,A3718150102,"AQ LION x1","Plus 1 ",38,16.10,611.86
2020-10-01,A5520110308,"AQ Gamer 3","Premium Misty Green",19,590.12,11212.20
2020-10-01,A5520110307,"AQ Gamer 3","Premium Black",17,609.79,10366.47
2020-10-01,A2620150601,"AQ Qwerty Ms","Standard 1",160,14.90,2384.21
2020-10-01,A5520110306,"AQ Gamer 3","Plus Black",15,639.68,9595.22
2020-10-01,A2620150602,"AQ Qwerty Ms","Standard 2",1176,15.81,18592.80
2020-10-01,A5520110305,"AQ Gamer 3","Plus Cool Blue",5,632.49,3162.44
2020-10-01,A5519110304,"AQ Gamer 3","Plus Firey Red",19,597.77,11357.64
2020-10-01,A2620150603,"AQ Qwerty Ms","Plus 1",138,15.98,2205.13
2020-10-01,A5519110303,"AQ Gamer 3","Standard Black",6,604.27,3625.63
2020-10-01,A5519110302,"AQ Gamer 3","Standard Cool Blue",15,605.86,9087.96
2020-10-01,A2620150604,"AQ Qwerty Ms","Plus 2",884,16.55,14629.40
2020-10-01,A4118110105,"AQ Aspiron","Plus Blue",38,182.89,6949.94
2020-10-01,A5519110301,"AQ Gamer 3","Standard Firey Red",6,589.74,3538.45
2020-10-01,A2620150605,"AQ Qwerty Ms","Premium 1",1136,16.59,18844.20
2020-10-01,A5419110208,"AQ Gamer 2","Premium Misty Green",5,608.41,3042.04
2020-10-01,A5419110207,"AQ Gamer 2","Premium Black",14,599.23,8389.22
2020-10-01,A2620150606,"AQ Qwerty Ms","Premium 2",1071,16.79,17976.74
2020-10-01,A5419110206,"AQ Gamer 2","Plus Black",14,601.64,8422.96
2020-10-01,A5419110205,"AQ Gamer 2","Plus Cool Blue",9,570.76,5136.82
2020-10-01,A2720150701,"AQ Trigger Ms","Standard 1",1236,17.09,21125.34
2020-12-01,A2021150503,"AQ MB Lito 2","Plus 2",187,45.44,8496.85
2020-12-01,A0821150504,"AQ Marquee P3",Premium,193,44.70,8627.95
2020-12-01,A4319110303,"AQ Velocity","Standard Red",56,261.23,14628.91
2020-12-01,A4720110701,"AQ GEN Z","Standard Grey",30,367.73,11032.01
2020-12-01,A6720160103,"AQ Pen Drive 2 IN 1",Premium,703,4.44,3122.09
2020-12-01,A1320150402,"AQ Electron 5 3600 Desktop Processor",Plus,262,150.25,39364.19
2020-12-01,A4020150401,"AQ Mx NB",Standard,105,26.93,2827.67
2020-12-01,A0821150503,"AQ Marquee P3","Plus 2",208,42.38,8815.89
2020-12-01,A1421150503,"AQ Electron 4 3600 Desktop Processor",Premium,88,176.44,15526.62
2020-12-01,A2118150101,"AQ Master wired x1 Ms","Standard 1",921,2.94,2710.87
2020-12-01,A3120150306,"AQ Gamers ","Premium 2",744,19.30,14359.42
2020-12-01,A6620160501,"AQ Clx3",Standard,1127,22.85,25755.33
2020-12-01,A1718150203,"AQ MB Crossx","Plus 2",127,27.34,3472.75
2020-12-01,A4720110702,"AQ GEN Z","Standard Blue",41,371.40,15227.51
2020-12-01,A6520160403,"AQ Clx2",Premium,839,21.28,17856.44
2020-12-01,A4419110401,"AQ Elite","Standard Grey",67,271.35,18180.26
2020-12-01,A0821150502,"AQ Marquee P3","Plus 1",80,43.30,3463.73
2020-12-01,A4519110503,"AQ Gen X","Standard Red",68,306.92,20870.49
2020-12-01,A2118150102,"AQ Master wired x1 Ms","Standard 2",1816,4.00,7263.64
2020-12-01,A4319110302,"AQ Velocity","Standard Blue",33,267.21,8817.90
2020-12-01,A4721110703,"AQ GEN Z","Standard Red",37,361.65,13381.04
2020-12-01,A6520160402,"AQ Clx2",Plus,195,20.17,3932.18
2020-12-01,A4520110504,"AQ Gen X","Plus Grey",40,341.73,13669.37
2020-12-01,A3120150305,"AQ Gamers ","Premium 1",681,16.32,11115.15
2020-12-01,A6519160401,"AQ Clx2",Standard,539,20.29,10935.72
2020-12-01,A0821150501,"AQ Marquee P3",Standard,333,40.50,13486.93
2020-12-01,A4419110407,"AQ Elite","Premium Black",16,287.49,4599.89
2020-12-01,A2118150103,"AQ Master wired x1 Ms","Plus 1",1771,4.53,8021.74
2020-12-01,A3521150704,"AQ Trigger","Plus 2",304,33.62,10221.88
2020-12-01,A3421150606,"AQ Qwerty","Premium 2",744,29.67,22075.15
2020-12-01,A4721110704,"AQ GEN Z","Plus Grey",48,380.22,18250.33
2020-12-01,A6419160303,"AQ Clx1",Premium,1662,19.33,32133.44
2020-12-01,A1319150401,"AQ Electron 5 3600 Desktop Processor",Standard,353,149.10,52633.50
2020-12-01,A4721110705,"AQ GEN Z","Plus Blue",19,377.41,7170.73
2020-12-01,A3818150201,"AQ LION x2",Standard,138,17.26,2382.54
2020-12-01,A4419110403,"AQ Elite","Standard Red",17,288.05,4896.86
2020-12-01,A2118150104,"AQ Master wired x1 Ms","Plus 2",584,5.05,2946.81
2020-12-01,A0721150404,"AQ GT 21",Premium,99,39.12,3873.03
2020-12-01,A6419160302,"AQ Clx1",Plus,943,19.67,18550.98
2020-12-01,A1718150204,"AQ MB Crossx",Premium,191,28.40,5424.23
2020-12-01,A3120150304,"AQ Gamers ","Plus 2",1384,16.38,22668.81
2020-12-01,A6419160301,"AQ Clx1",Standard,1348,17.80,24000.20
2020-12-01,A1618150103,"AQ MB Elite","Plus 2",208,21.20,4409.95
2020-12-01,A4918110101,"AQ BZ 101","Standard Grey",36,419.19,15090.97
2020-12-01,A3320150505,"AQ Maxima","Premium 1",247,23.08,5701.85
2020-12-01,A2118150105,"AQ Master wired x1 Ms","Premium 1",1123,4.69,5267.32
2020-12-01,A4218110203,"AQ Digit","Standard Red",48,236.85,11368.73
2020-12-01,A0721150403,"AQ GT 21","Plus 2",149,39.30,5855.55
2020-12-01,A6319160203,"AQ Neuer SSD",Premium,438,19.34,8472.37
2020-12-01,A3320150502,"AQ Maxima","Standard 2",1191,21.70,25843.27
2020-12-01,A3119150303,"AQ Gamers ","Plus 1",317,16.24,5148.30
2020-12-01,A6319160202,"AQ Neuer SSD",Plus,1715,18.57,31853.21
2020-12-01,A0721150402,"AQ GT 21","Plus 1",198,39.15,7751.01
2020-12-01,A4318110301,"AQ Velocity","Standard Grey",42,264.70,11117.40
2020-12-01,A2118150106,"AQ Master wired x1 Ms","Premium 2",749,5.25,3935.40
2020-12-01,A3420150601,"AQ Qwerty","Standard 1",310,24.57,7616.39
2020-12-01,A4520110505,"AQ Gen X","Plus Blue",15,325.22,4878.23
2020-12-01,A4918110102,"AQ BZ 101","Standard Blue",39,451.49,17608.04
2020-12-01,A6319160201,"AQ Neuer SSD",Standard,782,17.36,13574.74
2020-12-01,A1219150303,"AQ 5000 Series Ultron 8 5900X Desktop Processor",Premium,349,142.94,49886.13
2020-12-01,A4918110103,"AQ BZ 101","Premium Black",41,428.15,17553.95
2020-12-01,A0721150401,"AQ GT 21",Standard,287,39.34,11289.92
2020-12-01,A3421150603,"AQ Qwerty","Plus 1",523,26.95,14095.22
2020-12-01,A2218150201,"AQ Master wireless x1 Ms","Standard 1",1827,5.44,9935.77
2020-12-01,A3119150302,"AQ Gamers ","Standard 2",507,15.31,7760.70
2020-12-01,A6219160103,"AQ Digit SSD",Premium,1393,16.30,22706.32
2020-12-01,A1819150301,"AQ MB Crossx 2",Standard,57,28.86,1645.11
2020-12-01,A4918110104,"AQ BZ 101","Premium Misty Green",41,460.28,18871.50
2020-12-01,A6218160102,"AQ Digit SSD",Plus,1247,15.25,19014.38
2020-12-01,A4520110506,"AQ Gen X","Plus Red",21,325.26,6830.38
2020-12-01,A0621150308,"AQ Mforce Gen Z","Premium 2",343,39.40,13513.86
2020-12-01,A4419110405,"AQ Elite","Plus Blue",39,291.21,11357.08
2020-12-01,A2218150202,"AQ Master wireless x1 Ms","Standard 2",640,6.41,4099.46
2020-12-01,A4218110202,"AQ Digit","Standard Blue",42,215.93,9069.23
2020-12-01,A5018110201,"AQ BZ Compact","Standard Grey",34,451.70,15357.97
2020-12-01,A6218160101,"AQ Digit SSD",Standard,341,13.59,4635.59
2020-12-01,A3521150701,"AQ Trigger","Standard 1",1188,29.39,34911.99
2020-12-01,A3119150301,"AQ Gamers ","Standard 1",247,13.51,3336.01
2020-12-01,A6120110206,"AQ HOME Allin1 Gen 2","Plus 3",4,810.60,3242.41
2020-12-01,A0621150307,"AQ Mforce Gen Z","Premium 1",352,36.24,12757.68
2020-12-01,A3818150202,"AQ LION x2","Plus 1 ",127,17.52,2225.00
2020-12-01,A2219150203,"AQ Master wireless x1 Ms","Plus 1",1333,6.73,8971.22
2020-12-01,A4218110208,"AQ Digit","Premium Misty Green",57,243.04,13853.36
2020-12-01,A5018110202,"AQ BZ Compact","Standard Blue",35,462.56,16189.49
2020-12-01,A6120110205,"AQ HOME Allin1 Gen 2","Plus 2",8,834.98,6679.85
2020-12-01,A4419110404,"AQ Elite","Plus Grey",51,286.90,14631.76
2020-12-01,A0620150306,"AQ Mforce Gen Z","Plus 3",332,37.53,12459.23
2020-12-01,A6119110204,"AQ HOME Allin1 Gen 2","Plus 1",6,807.26,4843.58
2020-12-01,A3019150206,"AQ Master wireless x1","Premium 2",348,13.00,4524.63
2020-12-01,A3320150501,"AQ Maxima","Standard 1",228,20.39,4649.10
2020-12-01,A2219150204,"AQ Master wireless x1 Ms","Plus 2",1842,7.35,13543.49
2020-12-01,A1420150502,"AQ Electron 4 3600 Desktop Processor",Plus,174,169.50,29492.98
2020-12-01,A1819150302,"AQ MB Crossx 2","Plus 1",53,31.95,1693.48
2020-12-01,A5018110203,"AQ BZ Compact","Standard Red",22,452.14,9947.12
2020-12-01,A6119110203,"AQ HOME Allin1 Gen 2","Standard 3",10,769.56,7695.64
2020-12-01,A1219150302,"AQ 5000 Series Ultron 8 5900X Desktop Processor",Plus,279,145.15,40496.12
2020-12-01,A0620150305,"AQ Mforce Gen Z","Plus 2",335,36.57,12250.25
2020-12-01,A5018110204,"AQ BZ Compact","Plus Grey",47,447.73,21043.48
2020-12-01,A4218110207,"AQ Digit","Premium Black",46,249.13,11459.99
2020-12-01,A2219150205,"AQ Master wireless x1 Ms","Premium 1",1595,7.98,12730.17
2020-12-01,A4020150402,"AQ Mx NB","Plus 1 ",62,28.45,1763.90
2020-12-01,A6119110202,"AQ HOME Allin1 Gen 2","Standard 2",9,790.10,7110.94
2020-12-01,A4419110408,"AQ Elite","Premium Misty Green",62,297.03,18415.72
2020-12-01,A3019150205,"AQ Master wireless x1","Premium 1",1236,12.05,14894.91
2020-12-01,A6119110201,"AQ HOME Allin1 Gen 2","Standard 1",8,824.09,6592.71
2020-12-01,A4520110507,"AQ Gen X","Premium Black",68,322.94,21960.10
2020-12-01,A0620150304,"AQ Mforce Gen Z","Plus 1",92,37.58,3457.60
2020-12-01,A3420150602,"AQ Qwerty","Standard 2",336,23.97,8054.79
2020-12-01,A2219150206,"AQ Master wireless x1 Ms","Premium 2",401,8.32,3336.04
2020-12-01,A3521150702,"AQ Trigger","Standard 2",1049,30.34,31828.13
2020-12-01,A5018110205,"AQ BZ Compact","Plus Blue",18,486.18,8751.17
2020-12-01,A6019110108,"AQ Home Allin1","Premium 2",10,796.66,7966.61
2020-12-01,A1219150301,"AQ 5000 Series Ultron 8 5900X Desktop Processor",Standard,50,135.68,6784.11
2020-12-01,A5018110206,"AQ BZ Compact","Plus Red",21,475.55,9986.64
2020-12-01,A6019110107,"AQ Home Allin1","Premium 1",4,785.99,3143.97
2020-12-01,A0620150303,"AQ Mforce Gen Z","Standard 3",325,34.24,11128.39
2020-12-01,A1618150104,"AQ MB Elite",Premium,167,21.45,3581.97
2020-12-01,A2319150301,"AQ Gamers Ms","Standard 1",1587,8.80,13972.58
2020-12-01,A3521150705,"AQ Trigger","Premium 1",897,34.51,30956.73
2020-12-01,A1819150303,"AQ MB Crossx 2","Plus 2",126,32.19,4056.24
2020-12-01,A3019150204,"AQ Master wireless x1","Plus 2",1324,11.60,15359.86
2020-12-01,A6018110106,"AQ Home Allin1","Plus 3",2,787.59,1575.17
2020-12-01,A3920150302,"AQ LION x3","Plus 1 ",55,23.15,1273.36
2020-12-01,A5018110207,"AQ BZ Compact","Premium Black",12,475.19,5702.28
2020-12-01,A0619150302,"AQ Mforce Gen Z","Standard 2",235,34.10,8012.87
2020-12-01,A3220150406,"AQ Lite","Premium 2",1020,20.01,20406.73
2020-12-01,A2319150302,"AQ Gamers Ms","Standard 2",1250,8.99,11237.63
2020-12-01,A3018150203,"AQ Master wireless x1","Plus 1",431,12.37,5333.15
2020-12-01,A6018110105,"AQ Home Allin1","Plus 2",8,766.65,6133.18
2020-12-01,A4218110206,"AQ Digit","Plus Red",18,237.02,4266.33
2020-12-01,A0619150301,"AQ Mforce Gen Z","Standard 1",84,30.47,2559.45
2020-12-01,A6018110104,"AQ Home Allin1","Plus 1",6,749.10,4494.59
2020-12-01,A4319110306,"AQ Velocity","Plus Red",62,275.82,17100.80
2020-12-01,A5019110208,"AQ BZ Compact","Premium Misty Green",36,467.30,16822.97
2020-12-01,A4520110508,"AQ Gen X","Premium Misty Green",70,327.09,22896.51
2020-12-01,A2319150303,"AQ Gamers Ms","Plus 1",341,9.40,3204.62
2020-12-01,A5119110301,"AQ BZ Gen Y","Standard Grey",40,479.04,19161.76
2020-12-01,A0519150208,"AQ Mforce Gen Y","Premium 2",184,30.58,5627.01
2020-12-01,A6018110103,"AQ Home Allin1","Standard 3",5,770.98,3854.89
2020-12-01,A4218110205,"AQ Digit","Plus Blue",40,240.14,9605.61
2020-12-01,A3018150202,"AQ Master wireless x1","Standard 2",1498,11.05,16556.50
2020-12-01,A6018110102,"AQ Home Allin1","Standard 2",9,764.05,6876.49
2020-12-01,A5119110302,"AQ BZ Gen Y","Standard Blue",19,474.31,9011.95
2020-12-01,A1119150203,"AQ 5000 Series Electron 8 5900X Desktop Processor",Premium,108,139.90,15108.79
2020-12-01,A2319150304,"AQ Gamers Ms","Plus 2",1430,10.46,14953.94
2020-12-01,A4218110201,"AQ Digit","Standard Grey",35,200.27,7009.56
2020-12-01,A1521150601,"AQ Electron 3 3600 Desktop Processor",Standard,297,186.29,55328.63
2020-12-01,A0519150207,"AQ Mforce Gen Y","Premium 1",48,32.44,1557.25
2020-12-01,A6018110101,"AQ Home Allin1","Standard 1",3,800.46,2401.37
2020-12-01,A1819150304,"AQ MB Crossx 2",Premium,102,32.26,3290.64
2020-12-01,A5119110303,"AQ BZ Gen Y","Standard Red",43,474.32,20395.56
2020-12-01,A3920150301,"AQ LION x3",Standard,45,22.15,996.54
2020-12-01,A4620110601,"AQ Gen Y","Standard Grey",24,347.25,8333.94
2020-12-01,A2319150305,"AQ Gamers Ms","Premium 1",1209,10.44,12618.33
2020-12-01,A4519110501,"AQ Gen X","Standard Grey",44,311.84,13720.94
2020-12-01,A5821110108,"AQ BZ Allin1","Premium 2",51,746.74,38083.68
2020-12-01,A7321160303,"AQ Wi Power Dx3",Premium,708,42.85,30336.60
2020-12-01,A3018150201,"AQ Master wireless x1","Standard 1",1543,10.80,16657.46
2020-12-01,A3920150304,"AQ LION x3","Plus 3",128,25.04,3205.66
2020-12-01,A0519150206,"AQ Mforce Gen Y","Plus 3",125,31.24,3905.49
2020-12-01,A5119110305,"AQ BZ Gen Y","Plus Blue",45,483.38,21752.16
2020-12-01,A3220150405,"AQ Lite","Premium 1",1147,18.94,21725.90
2020-12-01,A2319150306,"AQ Gamers Ms","Premium 2",389,10.87,4226.84
2020-12-01,A3718150105,"AQ LION x1",Premium,57,18.03,1027.78
2020-12-01,A5820110106,"AQ BZ Allin1","Plus 3",35,692.52,24238.35
2020-12-01,A7321160302,"AQ Wi Power Dx3",Plus,487,43.94,21401.02
2020-12-01,A0519150205,"AQ Mforce Gen Y","Plus 2",178,29.70,5286.74
2020-12-01,A5820110105,"AQ BZ Allin1","Plus 2",9,709.39,6384.53
2020-12-01,A1118150202,"AQ 5000 Series Electron 8 5900X Desktop Processor",Plus,46,129.58,5960.85
2020-12-01,A2918150106,"AQ Master wired x1","Premium 2",627,10.42,6532.59
2020-12-01,A1618150101,"AQ MB Elite",Standard,167,19.65,3281.30
2020-12-01,A2419150401,"AQ Lite Ms","Standard 1",513,11.48,5890.73
2020-12-01,A4118110107,"AQ Aspiron","Premium Black",30,195.77,5873.16
2020-12-01,A5119110306,"AQ BZ Gen Y","Plus Red",18,486.49,8756.74
2020-12-01,A5820110104,"AQ BZ Allin1","Plus 1",41,690.50,28310.38
2020-12-01,A1919150401,"AQ MB Lito",Standard,41,33.76,1384.20
2020-12-01,A0519150204,"AQ Mforce Gen Y","Plus 1",101,26.11,2636.92
2020-12-01,A5820110103,"AQ BZ Allin1","Standard 3",35,735.15,25730.13
2020-12-01,A5119110307,"AQ BZ Gen Y","Premium Black",16,516.46,8263.33
2020-12-01,A3521150703,"AQ Trigger","Plus 1",827,31.77,26270.90
2020-12-01,A2419150402,"AQ Lite Ms","Standard 2",1483,11.28,16731.06
2020-12-01,A2918150105,"AQ Master wired x1","Premium 1",1315,9.47,12446.48
2020-12-01,A3421150604,"AQ Qwerty","Plus 2",1350,27.42,37010.52
2020-12-01,A0519150203,"AQ Mforce Gen Y","Standard 3",356,26.59,9465.01
2020-12-01,A5820110102,"AQ BZ Allin1","Standard 2",13,697.55,9068.20
2020-12-01,A4620110602,"AQ Gen Y","Standard Blue",31,346.69,10747.35
2020-12-01,A5119110308,"AQ BZ Gen Y","Premium Misty Green",24,512.58,12301.95
2020-12-01,A5219110401,"AQ BZ Gen Z","Standard Grey",35,506.96,17743.75
2020-12-01,A7321160301,"AQ Wi Power Dx3",Standard,135,40.80,5507.38
2020-12-01,A2419150403,"AQ Lite Ms","Plus 1",711,10.89,7744.57
2020-12-01,A1420150501,"AQ Electron 4 3600 Desktop Processor",Standard,41,160.51,6580.84
2020-12-01,A5820110101,"AQ BZ Allin1","Standard 1",24,681.30,16351.25
2020-12-01,A4620110603,"AQ Gen Y","Standard Red",37,366.05,13543.70
2020-12-01,A0519150202,"AQ Mforce Gen Y","Standard 2",174,24.93,4337.79
2020-12-01,A5721110506,"AQ Smash 2","Plus Black",21,720.55,15131.47
2020-12-01,A1118150201,"AQ 5000 Series Electron 8 5900X Desktop Processor",Standard,264,124.26,32805.70
2020-12-01,A2918150104,"AQ Master wired x1","Plus 2",1071,8.95,9586.95
2020-12-01,A1618150102,"AQ MB Elite","Plus 1",80,20.46,1637.03
2020-12-01,A2419150404,"AQ Lite Ms","Plus 2",1183,11.63,13762.08
2020-12-01,A3718150101,"AQ LION x1",Standard,114,16.51,1882.45
2020-12-01,A5219110402,"AQ BZ Gen Z","Standard Blue",40,490.16,19606.33
2020-12-01,A5721110505,"AQ Smash 2","Plus Cool Blue",30,674.43,20232.82
2020-12-01,A1919150402,"AQ MB Lito","Plus 1",131,35.03,4588.35
2020-12-01,A0519150201,"AQ Mforce Gen Y","Standard 1",126,22.40,2822.20
2020-12-01,A5721110504,"AQ Smash 2","Plus Firey Red",11,655.83,7214.18
2020-12-01,A4021150403,"AQ Mx NB","Plus 2",86,29.94,2575.04
2020-12-01,A1718150201,"AQ MB Crossx",Standard,164,21.89,3589.62
2020-12-01,A2419150405,"AQ Lite Ms","Premium 1",846,12.74,10779.99
2020-12-01,A7220160203,"AQ Wi Power Dx2",Premium,132,37.48,4947.15
2020-12-01,A3920150303,"AQ LION x3","Plus 2",152,25.47,3870.98
2020-12-01,A2918150103,"AQ Master wired x1","Plus 1",706,7.77,5485.13
2020-12-01,A5721110503,"AQ Smash 2","Standard Black",24,678.30,16279.28
2020-12-01,A3220150404,"AQ Lite","Plus 2",950,18.42,17500.81
2020-12-01,A0418150106,"AQ Mforce Gen X","Plus 3",248,19.94,4944.25
2020-12-01,A5219110403,"AQ BZ Gen Z","Standard Red",35,525.80,18403.15
2020-12-01,A7220160202,"AQ Wi Power Dx2",Plus,1083,35.21,38127.34
2020-12-01,A2420150406,"AQ Lite Ms","Premium 2",1179,12.30,14499.22
2020-12-01,A3819150203,"AQ LION x2","Plus 2",68,18.45,1254.82
2020-12-01,A5721110502,"AQ Smash 2","Standard Cool Blue",25,627.99,15699.85
2020-12-01,A4620110604,"AQ Gen Y","Plus Grey",56,353.10,19773.50
2020-12-01,A5219110405,"AQ BZ Gen Z","Plus Blue",41,521.26,21371.67
2020-12-01,A5721110501,"AQ Smash 2","Standard Firey Red",9,649.69,5847.24
2020-12-01,A4319110305,"AQ Velocity","Plus Blue",12,277.81,3333.69
2020-12-01,A0418150105,"AQ Mforce Gen X","Plus 2",329,20.08,6605.20
2020-12-01,A1919150403,"AQ MB Lito","Plus 2",73,35.84,2615.96
2020-12-01,A2520150501,"AQ Maxima Ms","Standard 1",1363,12.07,16449.91
2020-12-01,A2918150102,"AQ Master wired x1","Standard 2",748,7.60,5683.23
2020-12-01,A5219110406,"AQ BZ Gen Z","Plus Red",41,550.46,22568.85
2020-12-01,A5621110408,"AQ Smash 1","Premium Misty Green",18,657.25,11830.55
2020-12-01,A3320150506,"AQ Maxima","Premium 2",1198,23.77,28473.82
2020-12-01,A0418150104,"AQ Mforce Gen X","Plus 1",110,19.92,2191.63
2020-12-01,A5621110407,"AQ Smash 1","Premium Black",19,655.78,12459.79
2020-12-01,A5219110407,"AQ BZ Gen Z","Premium Black",23,545.59,12548.64
2020-12-01,A1018150103,"AQ 5000 Series Electron 9 5900X Desktop Processor",Premium,350,123.93,43376.03
2020-12-01,A2520150502,"AQ Maxima Ms","Standard 2",1760,14.53,25566.99
2020-12-01,A4118110106,"AQ Aspiron","Plus Red",54,187.75,10138.68
2020-12-01,A7219160201,"AQ Wi Power Dx2",Standard,531,32.96,17500.43
2020-12-01,A2918150101,"AQ Master wired x1","Standard 1",1568,6.90,10817.79
2020-12-01,A5621110406,"AQ Smash 1","Plus Black",25,644.38,16109.44
2020-12-01,A3320150504,"AQ Maxima","Plus 2",539,22.13,11930.28
2020-12-01,A0418150103,"AQ Mforce Gen X","Standard 3",230,19.52,4490.41
2020-12-01,A5220110408,"AQ BZ Gen Z","Premium Misty Green",19,533.04,10127.75
2020-12-01,A3920150305,"AQ LION x3",Premium,82,27.45,2251.28
2020-12-01,A2520150503,"AQ Maxima Ms","Plus 1",1194,14.17,16916.83
2020-12-01,A7119160103,"AQ Wi Power Dx1",Premium,293,28.77,8430.66
2020-12-01,A5621110405,"AQ Smash 1","Plus Cool Blue",25,601.82,15045.43
2020-12-01,A3220150403,"AQ Lite","Plus 1",596,18.58,11076.30
2020-12-01,A4021150404,"AQ Mx NB","Plus 3",89,28.58,2543.62
2020-12-01,A5621110404,"AQ Smash 1","Plus Firey Red",25,639.96,15999.04
2020-12-01,A4319110304,"AQ Velocity","Plus Grey",73,267.06,19495.64
2020-12-01,A0321150303,"AQ Zion Saga",Premium,275,28.01,7701.62
2020-12-01,A1920150404,"AQ MB Lito",Premium,207,38.98,8068.45
2020-12-01,A2520150504,"AQ Maxima Ms","Plus 2",1587,14.28,22662.36
2020-12-01,A2821150801,"AQ Lumina Ms","Standard 1",1142,21.71,24794.88
2020-12-01,A5318110103,"AQ Gamer 1","Standard Black",18,584.97,10529.50
2020-12-01,A5621110403,"AQ Smash 1","Standard Black",9,631.19,5680.67
2020-12-01,A1018150102,"AQ 5000 Series Electron 9 5900X Desktop Processor",Plus,166,123.48,20497.63
2020-12-01,A5820110107,"AQ BZ Allin1","Premium 1",12,737.68,8852.13
2020-12-01,A5620110402,"AQ Smash 1","Standard Cool Blue",17,593.83,10095.10
2020-12-01,A0321150302,"AQ Zion Saga",Plus,339,27.10,9187.82
2020-12-01,A4419110406,"AQ Elite","Plus Red",27,287.57,7764.30
2020-12-01,A2520150505,"AQ Maxima Ms","Premium 1",1692,15.18,25678.13
2020-12-01,A5318110104,"AQ Gamer 1","Plus Firey Red",16,586.38,9382.12
2020-12-01,A4620110605,"AQ Gen Y","Plus Blue",16,349.25,5588.04
2020-12-01,A2721150706,"AQ Trigger Ms","Premium 2",573,20.05,11490.77
2020-12-01,A5620110401,"AQ Smash 1","Standard Firey Red",11,642.07,7062.77
2020-12-01,A7119160102,"AQ Wi Power Dx1",Plus,697,29.93,20858.70
2020-12-01,A0320150301,"AQ Zion Saga",Standard,364,23.72,8634.92
2020-12-01,A5318110105,"AQ Gamer 1","Plus Cool Blue",13,551.33,7167.29
2020-12-01,A4519110502,"AQ Gen X","Standard Blue",54,300.34,16218.24
2020-12-01,A2520150506,"AQ Maxima Ms","Premium 2",1101,14.57,16039.04
2020-12-01,A4620110606,"AQ Gen Y","Plus Red",56,348.54,19518.10
2020-12-01,A5520110308,"AQ Gamer 3","Premium Misty Green",22,590.12,12982.55
2020-12-01,A1018150101,"AQ 5000 Series Electron 9 5900X Desktop Processor",Standard,281,111.10,31220.11
2020-12-01,A0220150203,"AQ WereWolf NAS Internal Hard Drive HDD – 8.89 cm",Premium,121,23.62,2857.46
2020-12-01,A5520110307,"AQ Gamer 3","Premium Black",18,609.79,10976.27
2020-12-01,A4419110402,"AQ Elite","Standard Blue",70,281.95,19736.53
2020-12-01,A2721150705,"AQ Trigger Ms","Premium 1",464,19.40,9003.55
2020-12-01,A2020150501,"AQ MB Lito 2",Standard,34,41.37,1406.57
2020-12-01,A2620150601,"AQ Qwerty Ms","Standard 1",513,14.90,7644.37
2020-12-01,A3718150102,"AQ LION x1","Plus 1 ",149,16.10,2399.12
2020-12-01,A5318110106,"AQ Gamer 1","Plus Black",7,565.87,3961.12
2020-12-01,A5520110306,"AQ Gamer 3","Plus Black",9,639.68,5757.13
2020-12-01,A4218110204,"AQ Digit","Plus Grey",41,232.10,9516.26
2020-12-01,A0219150202,"AQ WereWolf NAS Internal Hard Drive HDD – 8.89 cm",Plus,409,24.73,10115.06
2020-12-01,A5520110305,"AQ Gamer 3","Plus Cool Blue",13,632.49,8222.35
2020-12-01,A5318110107,"AQ Gamer 1","Premium Black",31,571.65,17721.12
2020-12-01,A7118160101,"AQ Wi Power Dx1",Standard,1218,29.67,36139.52
2020-12-01,A2620150602,"AQ Qwerty Ms","Standard 2",1584,15.81,25043.36
2020-12-01,A3819150204,"AQ LION x2","Plus 3",98,21.19,2077.03
2020-12-01,A1718150202,"AQ MB Crossx","Plus 1",142,22.90,3251.19
2020-12-01,A3718150103,"AQ LION x1","Plus 2",62,17.57,1089.32
2020-12-01,A5519110304,"AQ Gamer 3","Plus Firey Red",25,597.77,14944.26
2020-12-01,A3220150402,"AQ Lite","Standard 2",577,18.79,10844.54
2020-12-01,A2721150704,"AQ Trigger Ms","Plus 2",977,19.59,19135.52
2020-12-01,A0219150201,"AQ WereWolf NAS Internal Hard Drive HDD – 8.89 cm",Standard,362,23.70,8578.93
2020-12-01,A6819160203,"AQ Pen Drive DRC",Premium,1394,5.10,7107.17
2020-12-01,A2620150603,"AQ Qwerty Ms","Plus 1",1269,15.98,20277.60
2020-12-01,A4118110105,"AQ Aspiron","Plus Blue",57,182.89,10424.91
2020-12-01,A5519110303,"AQ Gamer 3","Standard Black",30,604.27,18128.16
2020-12-01,A1320150403,"AQ Electron 5 3600 Desktop Processor",Premium,79,160.69,12694.60
2020-12-01,A5318110108,"AQ Gamer 1","Premium Misty Green",29,579.66,16810.17
2020-12-01,A5519110302,"AQ Gamer 3","Standard Cool Blue",30,605.86,18175.93
2020-12-01,A4620110607,"AQ Gen Y","Premium Black",58,347.80,20172.57
2020-12-01,A5419110201,"AQ Gamer 2","Standard Firey Red",22,585.00,12870.01
2020-12-01,A1521150602,"AQ Electron 3 3600 Desktop Processor",Plus,210,185.46,38946.58
2020-12-01,A2620150604,"AQ Qwerty Ms","Plus 2",726,16.55,12014.65
2020-12-01,A2020150502,"AQ MB Lito 2","Plus 1",148,39.39,5830.19
2020-12-01,A0118150104,"AQ Dracula HDD – 3.5 Inch SATA 6 Gb/s 5400 RPM 256 MB Cache","Premium Plus",199,22.97,4571.61
2020-12-01,A5519110301,"AQ Gamer 3","Standard Firey Red",8,589.74,4717.93
2020-12-01,A3421150605,"AQ Qwerty","Premium 1",1128,29.87,33692.46
2020-12-01,A2721150703,"AQ Trigger Ms","Plus 1",970,16.94,16427.24
2020-12-01,A5419110208,"AQ Gamer 2","Premium Misty Green",9,608.41,5475.66
2020-12-01,A5419110202,"AQ Gamer 2","Standard Cool Blue",16,567.93,9086.83
2020-12-01,A0921150601,"AQ Marquee P4",Standard,147,45.08,6626.95
2020-12-01,A2620150605,"AQ Qwerty Ms","Premium 1",318,16.59,5275.05
2020-12-01,A0118150103,"AQ Dracula HDD – 3.5 Inch SATA 6 Gb/s 5400 RPM 256 MB Cache",Premium,383,21.78,8341.55
2020-12-01,A6818160202,"AQ Pen Drive DRC",Plus,722,3.85,2781.94
2020-12-01,A2721150702,"AQ Trigger Ms","Standard 2",1501,17.24,25872.44
2020-12-01,A5419110207,"AQ Gamer 2","Premium Black",6,599.23,3595.38
2020-12-01,A3819150205,"AQ LION x2",Premium,61,21.61,1318.00
2020-12-01,A0118150102,"AQ Dracula HDD – 3.5 Inch SATA 6 Gb/s 5400 RPM 256 MB Cache",Plus,172,21.46,3690.52
2020-12-01,A5419110203,"AQ Gamer 2","Standard Black",27,595.57,16080.42
2020-12-01,A4620110608,"AQ Gen Y","Premium Misty Green",40,363.06,14522.52
2020-12-01,A2620150606,"AQ Qwerty Ms","Premium 2",651,16.79,10927.04
2020-12-01,A4021150405,"AQ Mx NB",Premium,68,31.70,2155.80
2020-12-01,A5419110206,"AQ Gamer 2","Plus Black",7,601.64,4211.48
2020-12-01,A6818160201,"AQ Pen Drive DRC",Standard,2085,3.00,6252.92
2020-12-01,A5419110204,"AQ Gamer 2","Plus Firey Red",9,602.92,5426.28
2020-12-01,A5419110205,"AQ Gamer 2","Plus Cool Blue",25,570.76,14268.95
2020-12-01,A3220150401,"AQ Lite","Standard 1",1118,18.49,20676.63
2020-12-01,A0118150101,"AQ Dracula HDD – 3.5 Inch SATA 6 Gb/s 5400 RPM 256 MB Cache",Standard,113,19.06,2153.47
